-- STRAMBINI ENEA CL. 5AI A.S. 2019/2020 --
-- SVOLGIMENTO ELABORATO INDIVIDUALE DI INFORMATICA  --

-- INSERT GIOCATORI
INSERT INTO public.calciatore VALUES ('SYLONP16B88M700S', 'Vincenzo', 'Manolesso', '62');
INSERT INTO public.calciatore VALUES ('SVXSQL22A10C948H', 'Micheletto', 'Savorgnan-Interminelli', '24');
INSERT INTO public.calciatore VALUES ('HZHDJF66C78X572G', 'Donatello', 'Cagnotto', '38');
INSERT INTO public.calciatore VALUES ('XBWKTB26B93M449C', 'Atenulf', 'Petrucci', '67');
INSERT INTO public.calciatore VALUES ('IHNRIV49V26Z854X', 'Lucio', 'Bartoli', '81');
INSERT INTO public.calciatore VALUES ('HNTGXP32U89X043L', 'Maurilio', 'Gangemi', '96');
INSERT INTO public.calciatore VALUES ('GEBAGL14Z19X267C', 'Gastone', 'Marini', '23');
INSERT INTO public.calciatore VALUES ('LLYHOA34Q07Z441J', 'Agnolo', 'Bossi', '36');
INSERT INTO public.calciatore VALUES ('RNFCMM33L25A809V', 'Ugolino', 'Tamburi', '74');
INSERT INTO public.calciatore VALUES ('LPGNZJ40W06Z490E', 'Biagio', 'Montanari-Grossi', '77');
INSERT INTO public.calciatore VALUES ('EJEPFK34Z98U068C', 'Fabrizio', 'Nosiglia', '26');
INSERT INTO public.calciatore VALUES ('PGCJAX60F73H726V', 'Puccio', 'Brunelleschi', '23');
INSERT INTO public.calciatore VALUES ('FFLIAN14O74D073I', 'Armando', 'Zanazzo', '24');
INSERT INTO public.calciatore VALUES ('PULOBW61L42H305F', 'Fabrizio', 'Modugno-Caboto', '70');
INSERT INTO public.calciatore VALUES ('XBFVBA31R25Y876M', 'Delfino', 'Vespa', '65');
INSERT INTO public.calciatore VALUES ('QREQVJ94R20H732E', 'Silvestro', 'Barese', '47');
INSERT INTO public.calciatore VALUES ('LKDAVO44P95R795E', 'Maurilio', 'Sgalambro', '77');
INSERT INTO public.calciatore VALUES ('IVDBYD34R60Q750T', 'Greco', 'Renier', '54');
INSERT INTO public.calciatore VALUES ('ZIBFEH50V44D173J', 'Filippo', 'Miniati', '55');
INSERT INTO public.calciatore VALUES ('QMASXD74T57L097Q', 'Marcello', 'Roero', '61');
INSERT INTO public.calciatore VALUES ('KAMBRL41Q39C352L', 'Maurizio', 'Guarana-Scamarcio', '33');
INSERT INTO public.calciatore VALUES ('TAPXYJ11S31P001M', 'Ennio', 'Vigorelli', '35');
INSERT INTO public.calciatore VALUES ('CBTMRM39F09Z316H', 'Nanni', 'Grossi-Vergerio', '59');
INSERT INTO public.calciatore VALUES ('UNTVPS06C76Y827W', 'Martino', 'Turrini', '47');
INSERT INTO public.calciatore VALUES ('ENLWYO91M80O316M', 'Gioele', 'Casarin', '59');
INSERT INTO public.calciatore VALUES ('UMKWUO57E38Z935D', 'Armando', 'Tasso', '38');
INSERT INTO public.calciatore VALUES ('DNOIEG72C70V631P', 'Cirillo', 'Albertini-Sagnelli', '87');
INSERT INTO public.calciatore VALUES ('FTJTDN04M56J821A', 'Danilo', 'Bartoli-Schiaparelli', '84');
INSERT INTO public.calciatore VALUES ('NFKFLI39E44A201L', 'Guglielmo', 'Botta', '76');
INSERT INTO public.calciatore VALUES ('KPFAOJ84I83V741W', 'Umberto', 'Vergassola', '26');
INSERT INTO public.calciatore VALUES ('FVIAKH90S71R878G', 'Michelangelo', 'Conti-Vanvitelli', '92');
INSERT INTO public.calciatore VALUES ('RCRBIM26B48M499E', 'Alfredo', 'Stoppani', '50');
INSERT INTO public.calciatore VALUES ('RRAYNU87Z14E624B', 'Leopoldo', 'Bramante', '32');
INSERT INTO public.calciatore VALUES ('TLEUJI23T68B514C', 'Vincenzo', 'Gemito', '88');
INSERT INTO public.calciatore VALUES ('WYHCER29E78U620N', 'Torquato', 'Donatoni', '20');
INSERT INTO public.calciatore VALUES ('HAVQIP42F84J963N', 'Gioele', 'Fischetti', '68');
INSERT INTO public.calciatore VALUES ('NFJPGH46M73E912E', 'Bruno', 'Garrone', '67');
INSERT INTO public.calciatore VALUES ('CFVIXR31T09Y419U', 'Agnolo', 'Nosiglia', '29');
INSERT INTO public.calciatore VALUES ('VSXHPW12M60G612U', 'Laureano', 'Sagredo', '56');
INSERT INTO public.calciatore VALUES ('GOMILU93R22U831M', 'Raffaello', 'Amato', '97');
INSERT INTO public.calciatore VALUES ('SVLUZP40K65I611U', 'Damiano', 'Ossola', '43');
INSERT INTO public.calciatore VALUES ('OANDGZ84H50J771Z', 'Gioffre', 'Impastato-Donini', '62');
INSERT INTO public.calciatore VALUES ('HUPNQV64J88Z470M', 'Luchino', 'Marenzio', '53');
INSERT INTO public.calciatore VALUES ('AXWWOC27B50D330C', 'Graziano', 'Volta', '73');
INSERT INTO public.calciatore VALUES ('RYLMSU10R75K779M', 'Alderano', 'Foà-Tedesco', '21');
INSERT INTO public.calciatore VALUES ('XGDZFY41V57I403I', 'Ruggero', 'Liguori', '41');
INSERT INTO public.calciatore VALUES ('GGJKPV32X75F725J', 'Bruno', 'Cerquiglini', '41');
INSERT INTO public.calciatore VALUES ('IETLDC93L96E738A', 'Coluccio', 'Campise', '57');
INSERT INTO public.calciatore VALUES ('FKLVEF74M40O423P', 'Guido', 'Pavanello', '77');
INSERT INTO public.calciatore VALUES ('XVQQLR52J92M777O', 'Ruggiero', 'Stradivari', '54');
INSERT INTO public.calciatore VALUES ('UHHUCV00S75D813P', 'Michelotto', 'Vecoli-Abate', '40');
INSERT INTO public.calciatore VALUES ('FWRWLX50N36N660G', 'Jacopo', 'Angeli', '18');
INSERT INTO public.calciatore VALUES ('KGZPAG11Z69X103Y', 'Alderano', 'Venditti-Sabbatini', '83');
INSERT INTO public.calciatore VALUES ('PYFPKH43X93N139R', 'Patrizio', 'Depero', '34');
INSERT INTO public.calciatore VALUES ('WFGVVV23I98J342S', 'Camillo', 'Cammarata-Grimani', '80');
INSERT INTO public.calciatore VALUES ('DOXPIG09X97P091T', 'Franco', 'Caboto', '92');
INSERT INTO public.calciatore VALUES ('CAMLDL06S36L015Y', 'Ezio', 'Corbo-Barsanti', '38');
INSERT INTO public.calciatore VALUES ('IMSCHY58V76M816Y', 'Orazio', 'Letta', '71');
INSERT INTO public.calciatore VALUES ('IXFSFA28S35D259Q', 'Ennio', 'Rensi', '74');
INSERT INTO public.calciatore VALUES ('RCWKPN00X17N484S', 'Piergiuseppe', 'Zanzi', '78');
INSERT INTO public.calciatore VALUES ('YSUPKP14K40N838Z', 'Arnaldo', 'Zabarella', '38');
INSERT INTO public.calciatore VALUES ('WTGJLA73R00C822L', 'Gianpietro', 'Sagredo', '32');
INSERT INTO public.calciatore VALUES ('NEHXGA49Y74N511W', 'Ermenegildo', 'Padovano', '15');
INSERT INTO public.calciatore VALUES ('LHQWFD12P64C298K', 'Greco', 'Renier', '53');
INSERT INTO public.calciatore VALUES ('ZAMDAL33S16B457D', 'Jacopo', 'Gangemi', '82');
INSERT INTO public.calciatore VALUES ('DUDTHT45X33Q098V', 'Fulvio', 'Murri', '93');
INSERT INTO public.calciatore VALUES ('AGOVGV70G94J257K', 'Donato', 'Pugliese', '45');
INSERT INTO public.calciatore VALUES ('IAFJQO51V17X474R', 'Ermes', 'Gasperi-Bertolucci', '42');
INSERT INTO public.calciatore VALUES ('DDASNC01K30I600T', 'Arturo', 'Traetta-Gritti', '54');
INSERT INTO public.calciatore VALUES ('XXNCCC60G17Q133O', 'Coriolano', 'Tosi', '98');
INSERT INTO public.calciatore VALUES ('CWIEBP20S31H706P', 'Amedeo', 'Sgalambro', '60');
INSERT INTO public.calciatore VALUES ('OPDUXA43R00S152Y', 'Nico', 'Venturi', '18');
INSERT INTO public.calciatore VALUES ('GZPAPQ90B34P829J', 'Matteo', 'Murri', '44');
INSERT INTO public.calciatore VALUES ('JXUMNE04P18O968X', 'Giovanni', 'Tosi-Basadonna', '87');
INSERT INTO public.calciatore VALUES ('KXMGUR13P25M721J', 'Gianmarco', 'Pirandello', '15');
INSERT INTO public.calciatore VALUES ('ABGYGU75N63P494Z', 'Arnaldo', 'Corbo', '88');
INSERT INTO public.calciatore VALUES ('YZWPNM35Q58T647P', 'Gianni', 'Falloppio', '38');
INSERT INTO public.calciatore VALUES ('OPNHEF13T06I204N', 'Torquato', 'Bova', '63');
INSERT INTO public.calciatore VALUES ('EYOZNF04N50B017N', 'Gian', 'Maffei', '65');
INSERT INTO public.calciatore VALUES ('YUITKV37F81I690K', 'Sante', 'Montesano', '89');
INSERT INTO public.calciatore VALUES ('CEHXPX11P78U476O', 'Gustavo', 'Vespa', '89');
INSERT INTO public.calciatore VALUES ('XXHVJI77M72W864I', 'Alessio', 'Bonomo', '56');
INSERT INTO public.calciatore VALUES ('OQUYTC43N87A853A', 'Gastone', 'Treccani', '81');
INSERT INTO public.calciatore VALUES ('PTXBUA66T19Q712A', 'Raffaello', 'Veneziano', '81');
INSERT INTO public.calciatore VALUES ('VUCEXR60B94N524O', 'Sandro', 'Giolitti', '31');
INSERT INTO public.calciatore VALUES ('BOEDEH43W24F585A', 'Umberto', 'Puglisi', '79');
INSERT INTO public.calciatore VALUES ('XHPQKZ92U59J812Z', 'Gioele', 'Iannotti', '38');
INSERT INTO public.calciatore VALUES ('FATHPH84O42I786T', 'Dino', 'Telesio-Amato', '34');
INSERT INTO public.calciatore VALUES ('QTWNID51O28L392X', 'Pierluigi', 'Mastroianni-Rosiello', '55');
INSERT INTO public.calciatore VALUES ('EZHDHJ32A84G321H', 'Vito', 'Vigorelli', '63');
INSERT INTO public.calciatore VALUES ('AFDEJS57L75N449P', 'Pietro', 'Panicucci', '86');
INSERT INTO public.calciatore VALUES ('COJNKI33L94S328G', 'Gabriele', 'Brambilla', '76');
INSERT INTO public.calciatore VALUES ('KKCGJC78A29E238H', 'Ferdinando', 'Parri-Sandi', '13');
INSERT INTO public.calciatore VALUES ('IYBWUU23W00J256U', 'Federico', 'Tedesco', '10');
INSERT INTO public.calciatore VALUES ('CHBRMI21W95R952P', 'Adamo', 'Dovara', '33');
INSERT INTO public.calciatore VALUES ('QCDFBP65K22E918F', 'Ruggiero', 'Norbiato-Farnese', '38');
INSERT INTO public.calciatore VALUES ('MOGMYU41X05U963N', 'Vittorio', 'Acerbi', '13');
INSERT INTO public.calciatore VALUES ('FIQJHI87P50J554R', 'Graziano', 'Buscetta', '19');
INSERT INTO public.calciatore VALUES ('AACQZU70H74Q903T', 'Giosuè', 'Viola', '53');
INSERT INTO public.calciatore VALUES ('CDVTLO76H58A921X', 'Guarino', 'Agostini-Mussolini', '77');

-- INSERT SQUADRE
INSERT INTO public.squadra VALUES (1, 'Juventus', '1999/2000', 9);
INSERT INTO public.squadra VALUES (2, 'Milan', '1999/2000', 6);
INSERT INTO public.squadra VALUES (3, 'Inter', '1999/2000', 3);
INSERT INTO public.squadra VALUES (4, 'Torino', '1999/2000', 0);
INSERT INTO public.squadra VALUES (5, 'Hellas Verona', '1999/2000', 0);
INSERT INTO public.squadra VALUES (6, 'Chievo', '1999/2000', 3);
INSERT INTO public.squadra VALUES (7, 'Roma', '1999/2000', 0);
INSERT INTO public.squadra VALUES (8, 'Lazio', '1999/2000', 0);
INSERT INTO public.squadra VALUES (9, 'Juventus', '2000/2001', 6);
INSERT INTO public.squadra VALUES (10, 'Milan', '2000/2001', 3);
INSERT INTO public.squadra VALUES (11, 'Inter', '2000/2001', 3);
INSERT INTO public.squadra VALUES (12, 'Torino', '2000/2001', 0);
INSERT INTO public.squadra VALUES (13, 'Hellas Verona', '2000/2001', 9);
INSERT INTO public.squadra VALUES (14, 'Chievo', '2000/2001', 0);
INSERT INTO public.squadra VALUES (15, 'Roma', '2000/2001', 0);
INSERT INTO public.squadra VALUES (16, 'Lazio', '2000/2001', 0);
INSERT INTO public.squadra VALUES (17, 'Juventus', '2001/2002', 0);
INSERT INTO public.squadra VALUES (18, 'Milan', '2001/2002', 3);
INSERT INTO public.squadra VALUES (19, 'Inter', '2001/2002', 9);
INSERT INTO public.squadra VALUES (20, 'Torino', '2001/2002', 3);
INSERT INTO public.squadra VALUES (21, 'Hellas Verona', '2001/2002', 6);
INSERT INTO public.squadra VALUES (22, 'Chievo', '2001/2002', 0);
INSERT INTO public.squadra VALUES (23, 'Roma', '2001/2002', 0);
INSERT INTO public.squadra VALUES (24, 'Lazio', '2001/2002', 0);

-- ASSOCIAZIONE GIOCATORE - SQUADRA
INSERT INTO public.calciatoresquadra VALUES ('SYLONP16B88M700S', 1);
INSERT INTO public.calciatoresquadra VALUES ('SVXSQL22A10C948H', 1);
INSERT INTO public.calciatoresquadra VALUES ('HZHDJF66C78X572G', 1);
INSERT INTO public.calciatoresquadra VALUES ('XBWKTB26B93M449C', 1);
INSERT INTO public.calciatoresquadra VALUES ('IHNRIV49V26Z854X', 1);
INSERT INTO public.calciatoresquadra VALUES ('HNTGXP32U89X043L', 1);
INSERT INTO public.calciatoresquadra VALUES ('GEBAGL14Z19X267C', 1);
INSERT INTO public.calciatoresquadra VALUES ('LLYHOA34Q07Z441J', 1);
INSERT INTO public.calciatoresquadra VALUES ('RNFCMM33L25A809V', 1);
INSERT INTO public.calciatoresquadra VALUES ('LPGNZJ40W06Z490E', 1);
INSERT INTO public.calciatoresquadra VALUES ('EJEPFK34Z98U068C', 1);
INSERT INTO public.calciatoresquadra VALUES ('PGCJAX60F73H726V', 2);
INSERT INTO public.calciatoresquadra VALUES ('FFLIAN14O74D073I', 2);
INSERT INTO public.calciatoresquadra VALUES ('PULOBW61L42H305F', 2);
INSERT INTO public.calciatoresquadra VALUES ('XBFVBA31R25Y876M', 2);
INSERT INTO public.calciatoresquadra VALUES ('QREQVJ94R20H732E', 2);
INSERT INTO public.calciatoresquadra VALUES ('LKDAVO44P95R795E', 2);
INSERT INTO public.calciatoresquadra VALUES ('IVDBYD34R60Q750T', 2);
INSERT INTO public.calciatoresquadra VALUES ('ZIBFEH50V44D173J', 2);
INSERT INTO public.calciatoresquadra VALUES ('QMASXD74T57L097Q', 2);
INSERT INTO public.calciatoresquadra VALUES ('KAMBRL41Q39C352L', 2);
INSERT INTO public.calciatoresquadra VALUES ('TAPXYJ11S31P001M', 2);
INSERT INTO public.calciatoresquadra VALUES ('CBTMRM39F09Z316H', 3);
INSERT INTO public.calciatoresquadra VALUES ('UNTVPS06C76Y827W', 3);
INSERT INTO public.calciatoresquadra VALUES ('ENLWYO91M80O316M', 3);
INSERT INTO public.calciatoresquadra VALUES ('UMKWUO57E38Z935D', 3);
INSERT INTO public.calciatoresquadra VALUES ('DNOIEG72C70V631P', 3);
INSERT INTO public.calciatoresquadra VALUES ('FTJTDN04M56J821A', 3);
INSERT INTO public.calciatoresquadra VALUES ('NFKFLI39E44A201L', 3);
INSERT INTO public.calciatoresquadra VALUES ('KPFAOJ84I83V741W', 3);
INSERT INTO public.calciatoresquadra VALUES ('FVIAKH90S71R878G', 3);
INSERT INTO public.calciatoresquadra VALUES ('RCRBIM26B48M499E', 3);
INSERT INTO public.calciatoresquadra VALUES ('RRAYNU87Z14E624B', 3);
INSERT INTO public.calciatoresquadra VALUES ('TLEUJI23T68B514C', 4);
INSERT INTO public.calciatoresquadra VALUES ('WYHCER29E78U620N', 4);
INSERT INTO public.calciatoresquadra VALUES ('HAVQIP42F84J963N', 4);
INSERT INTO public.calciatoresquadra VALUES ('NFJPGH46M73E912E', 4);
INSERT INTO public.calciatoresquadra VALUES ('CFVIXR31T09Y419U', 4);
INSERT INTO public.calciatoresquadra VALUES ('VSXHPW12M60G612U', 4);
INSERT INTO public.calciatoresquadra VALUES ('GOMILU93R22U831M', 4);
INSERT INTO public.calciatoresquadra VALUES ('SVLUZP40K65I611U', 4);
INSERT INTO public.calciatoresquadra VALUES ('OANDGZ84H50J771Z', 4);
INSERT INTO public.calciatoresquadra VALUES ('HUPNQV64J88Z470M', 4);
INSERT INTO public.calciatoresquadra VALUES ('AXWWOC27B50D330C', 4);
INSERT INTO public.calciatoresquadra VALUES ('RYLMSU10R75K779M', 5);
INSERT INTO public.calciatoresquadra VALUES ('XGDZFY41V57I403I', 5);
INSERT INTO public.calciatoresquadra VALUES ('GGJKPV32X75F725J', 5);
INSERT INTO public.calciatoresquadra VALUES ('IETLDC93L96E738A', 5);
INSERT INTO public.calciatoresquadra VALUES ('FKLVEF74M40O423P', 5);
INSERT INTO public.calciatoresquadra VALUES ('XVQQLR52J92M777O', 5);
INSERT INTO public.calciatoresquadra VALUES ('UHHUCV00S75D813P', 5);
INSERT INTO public.calciatoresquadra VALUES ('FWRWLX50N36N660G', 5);
INSERT INTO public.calciatoresquadra VALUES ('KGZPAG11Z69X103Y', 5);
INSERT INTO public.calciatoresquadra VALUES ('PYFPKH43X93N139R', 5);
INSERT INTO public.calciatoresquadra VALUES ('WFGVVV23I98J342S', 5);
INSERT INTO public.calciatoresquadra VALUES ('DOXPIG09X97P091T', 6);
INSERT INTO public.calciatoresquadra VALUES ('CAMLDL06S36L015Y', 6);
INSERT INTO public.calciatoresquadra VALUES ('IMSCHY58V76M816Y', 6);
INSERT INTO public.calciatoresquadra VALUES ('IXFSFA28S35D259Q', 6);
INSERT INTO public.calciatoresquadra VALUES ('RCWKPN00X17N484S', 6);
INSERT INTO public.calciatoresquadra VALUES ('YSUPKP14K40N838Z', 6);
INSERT INTO public.calciatoresquadra VALUES ('WTGJLA73R00C822L', 6);
INSERT INTO public.calciatoresquadra VALUES ('NEHXGA49Y74N511W', 6);
INSERT INTO public.calciatoresquadra VALUES ('LHQWFD12P64C298K', 6);
INSERT INTO public.calciatoresquadra VALUES ('ZAMDAL33S16B457D', 6);
INSERT INTO public.calciatoresquadra VALUES ('DUDTHT45X33Q098V', 6);
INSERT INTO public.calciatoresquadra VALUES ('AGOVGV70G94J257K', 7);
INSERT INTO public.calciatoresquadra VALUES ('IAFJQO51V17X474R', 7);
INSERT INTO public.calciatoresquadra VALUES ('DDASNC01K30I600T', 7);
INSERT INTO public.calciatoresquadra VALUES ('XXNCCC60G17Q133O', 7);
INSERT INTO public.calciatoresquadra VALUES ('CWIEBP20S31H706P', 7);
INSERT INTO public.calciatoresquadra VALUES ('OPDUXA43R00S152Y', 7);
INSERT INTO public.calciatoresquadra VALUES ('GZPAPQ90B34P829J', 7);
INSERT INTO public.calciatoresquadra VALUES ('JXUMNE04P18O968X', 7);
INSERT INTO public.calciatoresquadra VALUES ('KXMGUR13P25M721J', 7);
INSERT INTO public.calciatoresquadra VALUES ('ABGYGU75N63P494Z', 7);
INSERT INTO public.calciatoresquadra VALUES ('YZWPNM35Q58T647P', 7);
INSERT INTO public.calciatoresquadra VALUES ('OPNHEF13T06I204N', 8);
INSERT INTO public.calciatoresquadra VALUES ('EYOZNF04N50B017N', 8);
INSERT INTO public.calciatoresquadra VALUES ('YUITKV37F81I690K', 8);
INSERT INTO public.calciatoresquadra VALUES ('CEHXPX11P78U476O', 8);
INSERT INTO public.calciatoresquadra VALUES ('XXHVJI77M72W864I', 8);
INSERT INTO public.calciatoresquadra VALUES ('OQUYTC43N87A853A', 8);
INSERT INTO public.calciatoresquadra VALUES ('PTXBUA66T19Q712A', 8);
INSERT INTO public.calciatoresquadra VALUES ('VUCEXR60B94N524O', 8);
INSERT INTO public.calciatoresquadra VALUES ('BOEDEH43W24F585A', 8);
INSERT INTO public.calciatoresquadra VALUES ('XHPQKZ92U59J812Z', 8);
INSERT INTO public.calciatoresquadra VALUES ('FATHPH84O42I786T', 8);
INSERT INTO public.calciatoresquadra VALUES ('XBWKTB26B93M449C', 9);
INSERT INTO public.calciatoresquadra VALUES ('IHNRIV49V26Z854X', 9);
INSERT INTO public.calciatoresquadra VALUES ('HNTGXP32U89X043L', 9);
INSERT INTO public.calciatoresquadra VALUES ('GEBAGL14Z19X267C', 9);
INSERT INTO public.calciatoresquadra VALUES ('LLYHOA34Q07Z441J', 9);
INSERT INTO public.calciatoresquadra VALUES ('RNFCMM33L25A809V', 9);
INSERT INTO public.calciatoresquadra VALUES ('LPGNZJ40W06Z490E', 9);
INSERT INTO public.calciatoresquadra VALUES ('EJEPFK34Z98U068C', 9);
INSERT INTO public.calciatoresquadra VALUES ('PGCJAX60F73H726V', 9);
INSERT INTO public.calciatoresquadra VALUES ('FFLIAN14O74D073I', 9);
INSERT INTO public.calciatoresquadra VALUES ('PULOBW61L42H305F', 9);
INSERT INTO public.calciatoresquadra VALUES ('XBFVBA31R25Y876M', 10);
INSERT INTO public.calciatoresquadra VALUES ('QREQVJ94R20H732E', 10);
INSERT INTO public.calciatoresquadra VALUES ('LKDAVO44P95R795E', 10);
INSERT INTO public.calciatoresquadra VALUES ('IVDBYD34R60Q750T', 10);
INSERT INTO public.calciatoresquadra VALUES ('ZIBFEH50V44D173J', 10);
INSERT INTO public.calciatoresquadra VALUES ('QMASXD74T57L097Q', 10);
INSERT INTO public.calciatoresquadra VALUES ('KAMBRL41Q39C352L', 10);
INSERT INTO public.calciatoresquadra VALUES ('TAPXYJ11S31P001M', 10);
INSERT INTO public.calciatoresquadra VALUES ('CBTMRM39F09Z316H', 10);
INSERT INTO public.calciatoresquadra VALUES ('UNTVPS06C76Y827W', 10);
INSERT INTO public.calciatoresquadra VALUES ('ENLWYO91M80O316M', 10);
INSERT INTO public.calciatoresquadra VALUES ('UMKWUO57E38Z935D', 11);
INSERT INTO public.calciatoresquadra VALUES ('DNOIEG72C70V631P', 11);
INSERT INTO public.calciatoresquadra VALUES ('FTJTDN04M56J821A', 11);
INSERT INTO public.calciatoresquadra VALUES ('NFKFLI39E44A201L', 11);
INSERT INTO public.calciatoresquadra VALUES ('KPFAOJ84I83V741W', 11);
INSERT INTO public.calciatoresquadra VALUES ('FVIAKH90S71R878G', 11);
INSERT INTO public.calciatoresquadra VALUES ('RCRBIM26B48M499E', 11);
INSERT INTO public.calciatoresquadra VALUES ('RRAYNU87Z14E624B', 11);
INSERT INTO public.calciatoresquadra VALUES ('TLEUJI23T68B514C', 11);
INSERT INTO public.calciatoresquadra VALUES ('WYHCER29E78U620N', 11);
INSERT INTO public.calciatoresquadra VALUES ('HAVQIP42F84J963N', 11);
INSERT INTO public.calciatoresquadra VALUES ('NFJPGH46M73E912E', 12);
INSERT INTO public.calciatoresquadra VALUES ('CFVIXR31T09Y419U', 12);
INSERT INTO public.calciatoresquadra VALUES ('VSXHPW12M60G612U', 12);
INSERT INTO public.calciatoresquadra VALUES ('GOMILU93R22U831M', 12);
INSERT INTO public.calciatoresquadra VALUES ('SVLUZP40K65I611U', 12);
INSERT INTO public.calciatoresquadra VALUES ('OANDGZ84H50J771Z', 12);
INSERT INTO public.calciatoresquadra VALUES ('HUPNQV64J88Z470M', 12);
INSERT INTO public.calciatoresquadra VALUES ('AXWWOC27B50D330C', 12);
INSERT INTO public.calciatoresquadra VALUES ('RYLMSU10R75K779M', 12);
INSERT INTO public.calciatoresquadra VALUES ('XGDZFY41V57I403I', 12);
INSERT INTO public.calciatoresquadra VALUES ('GGJKPV32X75F725J', 12);
INSERT INTO public.calciatoresquadra VALUES ('IETLDC93L96E738A', 13);
INSERT INTO public.calciatoresquadra VALUES ('FKLVEF74M40O423P', 13);
INSERT INTO public.calciatoresquadra VALUES ('XVQQLR52J92M777O', 13);
INSERT INTO public.calciatoresquadra VALUES ('UHHUCV00S75D813P', 13);
INSERT INTO public.calciatoresquadra VALUES ('FWRWLX50N36N660G', 13);
INSERT INTO public.calciatoresquadra VALUES ('KGZPAG11Z69X103Y', 13);
INSERT INTO public.calciatoresquadra VALUES ('PYFPKH43X93N139R', 13);
INSERT INTO public.calciatoresquadra VALUES ('WFGVVV23I98J342S', 13);
INSERT INTO public.calciatoresquadra VALUES ('DOXPIG09X97P091T', 13);
INSERT INTO public.calciatoresquadra VALUES ('CAMLDL06S36L015Y', 13);
INSERT INTO public.calciatoresquadra VALUES ('IMSCHY58V76M816Y', 13);
INSERT INTO public.calciatoresquadra VALUES ('IXFSFA28S35D259Q', 14);
INSERT INTO public.calciatoresquadra VALUES ('RCWKPN00X17N484S', 14);
INSERT INTO public.calciatoresquadra VALUES ('YSUPKP14K40N838Z', 14);
INSERT INTO public.calciatoresquadra VALUES ('WTGJLA73R00C822L', 14);
INSERT INTO public.calciatoresquadra VALUES ('NEHXGA49Y74N511W', 14);
INSERT INTO public.calciatoresquadra VALUES ('LHQWFD12P64C298K', 14);
INSERT INTO public.calciatoresquadra VALUES ('ZAMDAL33S16B457D', 14);
INSERT INTO public.calciatoresquadra VALUES ('DUDTHT45X33Q098V', 14);
INSERT INTO public.calciatoresquadra VALUES ('AGOVGV70G94J257K', 14);
INSERT INTO public.calciatoresquadra VALUES ('IAFJQO51V17X474R', 14);
INSERT INTO public.calciatoresquadra VALUES ('DDASNC01K30I600T', 14);
INSERT INTO public.calciatoresquadra VALUES ('XXNCCC60G17Q133O', 15);
INSERT INTO public.calciatoresquadra VALUES ('CWIEBP20S31H706P', 15);
INSERT INTO public.calciatoresquadra VALUES ('OPDUXA43R00S152Y', 15);
INSERT INTO public.calciatoresquadra VALUES ('GZPAPQ90B34P829J', 15);
INSERT INTO public.calciatoresquadra VALUES ('JXUMNE04P18O968X', 15);
INSERT INTO public.calciatoresquadra VALUES ('KXMGUR13P25M721J', 15);
INSERT INTO public.calciatoresquadra VALUES ('ABGYGU75N63P494Z', 15);
INSERT INTO public.calciatoresquadra VALUES ('YZWPNM35Q58T647P', 15);
INSERT INTO public.calciatoresquadra VALUES ('OPNHEF13T06I204N', 15);
INSERT INTO public.calciatoresquadra VALUES ('EYOZNF04N50B017N', 15);
INSERT INTO public.calciatoresquadra VALUES ('YUITKV37F81I690K', 15);
INSERT INTO public.calciatoresquadra VALUES ('CEHXPX11P78U476O', 16);
INSERT INTO public.calciatoresquadra VALUES ('XXHVJI77M72W864I', 16);
INSERT INTO public.calciatoresquadra VALUES ('OQUYTC43N87A853A', 16);
INSERT INTO public.calciatoresquadra VALUES ('PTXBUA66T19Q712A', 16);
INSERT INTO public.calciatoresquadra VALUES ('VUCEXR60B94N524O', 16);
INSERT INTO public.calciatoresquadra VALUES ('BOEDEH43W24F585A', 16);
INSERT INTO public.calciatoresquadra VALUES ('XHPQKZ92U59J812Z', 16);
INSERT INTO public.calciatoresquadra VALUES ('FATHPH84O42I786T', 16);
INSERT INTO public.calciatoresquadra VALUES ('QTWNID51O28L392X', 16);
INSERT INTO public.calciatoresquadra VALUES ('EZHDHJ32A84G321H', 16);
INSERT INTO public.calciatoresquadra VALUES ('AFDEJS57L75N449P', 16);
INSERT INTO public.calciatoresquadra VALUES ('PGCJAX60F73H726V', 17);
INSERT INTO public.calciatoresquadra VALUES ('FFLIAN14O74D073I', 17);
INSERT INTO public.calciatoresquadra VALUES ('PULOBW61L42H305F', 17);
INSERT INTO public.calciatoresquadra VALUES ('XBFVBA31R25Y876M', 17);
INSERT INTO public.calciatoresquadra VALUES ('QREQVJ94R20H732E', 17);
INSERT INTO public.calciatoresquadra VALUES ('LKDAVO44P95R795E', 17);
INSERT INTO public.calciatoresquadra VALUES ('IVDBYD34R60Q750T', 17);
INSERT INTO public.calciatoresquadra VALUES ('ZIBFEH50V44D173J', 17);
INSERT INTO public.calciatoresquadra VALUES ('QMASXD74T57L097Q', 17);
INSERT INTO public.calciatoresquadra VALUES ('KAMBRL41Q39C352L', 17);
INSERT INTO public.calciatoresquadra VALUES ('TAPXYJ11S31P001M', 17);
INSERT INTO public.calciatoresquadra VALUES ('CBTMRM39F09Z316H', 18);
INSERT INTO public.calciatoresquadra VALUES ('UNTVPS06C76Y827W', 18);
INSERT INTO public.calciatoresquadra VALUES ('ENLWYO91M80O316M', 18);
INSERT INTO public.calciatoresquadra VALUES ('UMKWUO57E38Z935D', 18);
INSERT INTO public.calciatoresquadra VALUES ('DNOIEG72C70V631P', 18);
INSERT INTO public.calciatoresquadra VALUES ('FTJTDN04M56J821A', 18);
INSERT INTO public.calciatoresquadra VALUES ('NFKFLI39E44A201L', 18);
INSERT INTO public.calciatoresquadra VALUES ('KPFAOJ84I83V741W', 18);
INSERT INTO public.calciatoresquadra VALUES ('FVIAKH90S71R878G', 18);
INSERT INTO public.calciatoresquadra VALUES ('RCRBIM26B48M499E', 18);
INSERT INTO public.calciatoresquadra VALUES ('RRAYNU87Z14E624B', 18);
INSERT INTO public.calciatoresquadra VALUES ('TLEUJI23T68B514C', 19);
INSERT INTO public.calciatoresquadra VALUES ('WYHCER29E78U620N', 19);
INSERT INTO public.calciatoresquadra VALUES ('HAVQIP42F84J963N', 19);
INSERT INTO public.calciatoresquadra VALUES ('NFJPGH46M73E912E', 19);
INSERT INTO public.calciatoresquadra VALUES ('CFVIXR31T09Y419U', 19);
INSERT INTO public.calciatoresquadra VALUES ('VSXHPW12M60G612U', 19);
INSERT INTO public.calciatoresquadra VALUES ('GOMILU93R22U831M', 19);
INSERT INTO public.calciatoresquadra VALUES ('SVLUZP40K65I611U', 19);
INSERT INTO public.calciatoresquadra VALUES ('OANDGZ84H50J771Z', 19);
INSERT INTO public.calciatoresquadra VALUES ('HUPNQV64J88Z470M', 19);
INSERT INTO public.calciatoresquadra VALUES ('AXWWOC27B50D330C', 19);
INSERT INTO public.calciatoresquadra VALUES ('RYLMSU10R75K779M', 20);
INSERT INTO public.calciatoresquadra VALUES ('XGDZFY41V57I403I', 20);
INSERT INTO public.calciatoresquadra VALUES ('GGJKPV32X75F725J', 20);
INSERT INTO public.calciatoresquadra VALUES ('IETLDC93L96E738A', 20);
INSERT INTO public.calciatoresquadra VALUES ('FKLVEF74M40O423P', 20);
INSERT INTO public.calciatoresquadra VALUES ('XVQQLR52J92M777O', 20);
INSERT INTO public.calciatoresquadra VALUES ('UHHUCV00S75D813P', 20);
INSERT INTO public.calciatoresquadra VALUES ('FWRWLX50N36N660G', 20);
INSERT INTO public.calciatoresquadra VALUES ('KGZPAG11Z69X103Y', 20);
INSERT INTO public.calciatoresquadra VALUES ('PYFPKH43X93N139R', 20);
INSERT INTO public.calciatoresquadra VALUES ('WFGVVV23I98J342S', 20);
INSERT INTO public.calciatoresquadra VALUES ('DOXPIG09X97P091T', 21);
INSERT INTO public.calciatoresquadra VALUES ('CAMLDL06S36L015Y', 21);
INSERT INTO public.calciatoresquadra VALUES ('IMSCHY58V76M816Y', 21);
INSERT INTO public.calciatoresquadra VALUES ('IXFSFA28S35D259Q', 21);
INSERT INTO public.calciatoresquadra VALUES ('RCWKPN00X17N484S', 21);
INSERT INTO public.calciatoresquadra VALUES ('YSUPKP14K40N838Z', 21);
INSERT INTO public.calciatoresquadra VALUES ('WTGJLA73R00C822L', 21);
INSERT INTO public.calciatoresquadra VALUES ('NEHXGA49Y74N511W', 21);
INSERT INTO public.calciatoresquadra VALUES ('LHQWFD12P64C298K', 21);
INSERT INTO public.calciatoresquadra VALUES ('ZAMDAL33S16B457D', 21);
INSERT INTO public.calciatoresquadra VALUES ('DUDTHT45X33Q098V', 21);
INSERT INTO public.calciatoresquadra VALUES ('AGOVGV70G94J257K', 22);
INSERT INTO public.calciatoresquadra VALUES ('IAFJQO51V17X474R', 22);
INSERT INTO public.calciatoresquadra VALUES ('DDASNC01K30I600T', 22);
INSERT INTO public.calciatoresquadra VALUES ('XXNCCC60G17Q133O', 22);
INSERT INTO public.calciatoresquadra VALUES ('CWIEBP20S31H706P', 22);
INSERT INTO public.calciatoresquadra VALUES ('OPDUXA43R00S152Y', 22);
INSERT INTO public.calciatoresquadra VALUES ('GZPAPQ90B34P829J', 22);
INSERT INTO public.calciatoresquadra VALUES ('JXUMNE04P18O968X', 22);
INSERT INTO public.calciatoresquadra VALUES ('KXMGUR13P25M721J', 22);
INSERT INTO public.calciatoresquadra VALUES ('ABGYGU75N63P494Z', 22);
INSERT INTO public.calciatoresquadra VALUES ('YZWPNM35Q58T647P', 22);
INSERT INTO public.calciatoresquadra VALUES ('OPNHEF13T06I204N', 23);
INSERT INTO public.calciatoresquadra VALUES ('EYOZNF04N50B017N', 23);
INSERT INTO public.calciatoresquadra VALUES ('YUITKV37F81I690K', 23);
INSERT INTO public.calciatoresquadra VALUES ('CEHXPX11P78U476O', 23);
INSERT INTO public.calciatoresquadra VALUES ('XXHVJI77M72W864I', 23);
INSERT INTO public.calciatoresquadra VALUES ('OQUYTC43N87A853A', 23);
INSERT INTO public.calciatoresquadra VALUES ('PTXBUA66T19Q712A', 23);
INSERT INTO public.calciatoresquadra VALUES ('VUCEXR60B94N524O', 23);
INSERT INTO public.calciatoresquadra VALUES ('BOEDEH43W24F585A', 23);
INSERT INTO public.calciatoresquadra VALUES ('XHPQKZ92U59J812Z', 23);
INSERT INTO public.calciatoresquadra VALUES ('FATHPH84O42I786T', 23);
INSERT INTO public.calciatoresquadra VALUES ('QTWNID51O28L392X', 24);
INSERT INTO public.calciatoresquadra VALUES ('EZHDHJ32A84G321H', 24);
INSERT INTO public.calciatoresquadra VALUES ('AFDEJS57L75N449P', 24);
INSERT INTO public.calciatoresquadra VALUES ('COJNKI33L94S328G', 24);
INSERT INTO public.calciatoresquadra VALUES ('KKCGJC78A29E238H', 24);
INSERT INTO public.calciatoresquadra VALUES ('IYBWUU23W00J256U', 24);
INSERT INTO public.calciatoresquadra VALUES ('CHBRMI21W95R952P', 24);
INSERT INTO public.calciatoresquadra VALUES ('QCDFBP65K22E918F', 24);
INSERT INTO public.calciatoresquadra VALUES ('MOGMYU41X05U963N', 24);
INSERT INTO public.calciatoresquadra VALUES ('FIQJHI87P50J554R', 24);
INSERT INTO public.calciatoresquadra VALUES ('AACQZU70H74Q903T', 24);


-- INSERT CAMPIONATO
INSERT INTO public.campionato VALUES (1, '1999/2000');
INSERT INTO public.campionato VALUES (2, '2000/2001');
INSERT INTO public.campionato VALUES (3, '2001/2002');

-- INSERT PARTITE
INSERT INTO public.partita VALUES (1, 4, '1999-01-22', 'Juventus Stadium', 1, 1, 'Quarti di Finale');
INSERT INTO public.partita VALUES (2, 5, '1999-01-29', 'SanSiro Stadium', 2, 1, 'Quarti di Finale');
INSERT INTO public.partita VALUES (3, 7, '1999-02-05', 'SanSiro Stadium', 3, 1, 'Quarti di Finale');
INSERT INTO public.partita VALUES (6, 8, '1999-02-12', 'Bentegodi Stadium', 6, 1, 'Quarti di Finale');
INSERT INTO public.partita VALUES (2, 3, '1999-02-18', 'SanSiro Stadium', 2, 1, 'Semifinale');
INSERT INTO public.partita VALUES (1, 6, '1999-02-25', 'Juventus Stadium', 1, 1, 'Semifinale');
INSERT INTO public.partita VALUES (1, 2, '1999-03-04', 'Juventus Stadium', 1, 1, 'Finale');
INSERT INTO public.partita VALUES (10, 16, '2000-01-22', 'SanSiro Stadium', 10, 2, 'Quarti di Finale');
INSERT INTO public.partita VALUES (11, 15, '2000-01-29', 'SanSiro Stadium', 11, 2, 'Quarti di Finale');
INSERT INTO public.partita VALUES (12, 13, '2000-02-05', 'Juventus Stadium', 13, 2, 'Quarti di Finale');
INSERT INTO public.partita VALUES (9, 14, '2000-02-12', 'Juventus Stadium', 9, 2, 'Quarti di Finale');
INSERT INTO public.partita VALUES (13, 11, '2000-02-18', 'Bentegodi Stadium', 2, 2, 'Semifinale');
INSERT INTO public.partita VALUES (9, 10, '2000-02-25', 'Juventus Stadium', 9, 2, 'Semifinale');
INSERT INTO public.partita VALUES (13, 1, '2000-03-04', 'Bentegodi Stadium', 13, 2, 'Finale');
INSERT INTO public.partita VALUES (20, 22, '2001-01-22', 'Juventus Stadium', 20, 3, 'Quarti di Finale');
INSERT INTO public.partita VALUES (24, 18, '2001-01-29', 'Stadio Olimpico', 18, 3, 'Quarti di Finale');
INSERT INTO public.partita VALUES (21, 23, '2001-02-05', 'Bentegodi Stadium', 21, 3, 'Quarti di Finale');
INSERT INTO public.partita VALUES (19, 17, '2001-02-12', 'SanSiro Stadium', 19, 3, 'Quarti di Finale');
INSERT INTO public.partita VALUES (18, 19, '2001-02-18', 'SanSiro Stadium', 19, 3, 'Semifinale');
INSERT INTO public.partita VALUES (21, 20, '2001-02-25', 'Bentegodi Stadium', 21, 3, 'Semifinale');
INSERT INTO public.partita VALUES (21, 19, '2001-03-04', 'Bentegodi Stadium', 19, 3, 'Finale');