-- STRAMBINI ENEA CL. 5AI A.S. 2019/2020 --
-- SVOLGIMENTO ELABORATO INDIVIDUALE DI INFORMATICA  --

-- INSERT GIOCATORI

INSERT INTO public.calciatore VALUES ('UONAMF68G79N870D', 'Massimiliano', 'Goldstein-Ubaldi', '95');
INSERT INTO public.calciatore VALUES ('UBPAMN55V04Y974I', 'Adelmo', 'Tozzi', '14');
INSERT INTO public.calciatore VALUES ('KZOUFT25O38A994P', 'Ubaldo', 'Santoro', '63');
INSERT INTO public.calciatore VALUES ('ZBUOEO32V90Q723H', 'Rosario', 'Sanguineti-Govoni', '20');
INSERT INTO public.calciatore VALUES ('SFSNNV74M34Z807W', 'Agostino', 'Zaguri-Gangemi', '46');
INSERT INTO public.calciatore VALUES ('JQQCDM88A26U366P', 'Aldo', 'Gianinazzi', '67');
INSERT INTO public.calciatore VALUES ('EORLJH12R72M200R', 'Baccio', 'Barracco-Renault', '42');
INSERT INTO public.calciatore VALUES ('DUGZMF33M60L675L', 'Gianmarco', 'Tropea', '56');
INSERT INTO public.calciatore VALUES ('XJVKPT62T78Q494Q', 'Dino', 'Falier', '92');
INSERT INTO public.calciatore VALUES ('QXWANV61B61I383I', 'Antonello', 'Combi', '98');
INSERT INTO public.calciatore VALUES ('JUJLFH49O46A326T', 'Luciano', 'Prodi', '65');
INSERT INTO public.calciatore VALUES ('SCFVXA68X98N336K', 'Osvaldo', 'Curiel', '38');
INSERT INTO public.calciatore VALUES ('HKMBXA12U49V882I', 'Torquato', 'Tencalla', '34');
INSERT INTO public.calciatore VALUES ('YZRUXT81N35F991X', 'Fiorenzo', 'Moschino', '89');
INSERT INTO public.calciatore VALUES ('MVFXXB39J40P080L', 'Giancarlo', 'Borroni-Caccianemico', '40');
INSERT INTO public.calciatore VALUES ('NMZKSJ19H84G312B', 'Danilo', 'Rubbia', '78');
INSERT INTO public.calciatore VALUES ('MQVIWE00Z78E127I', 'Pierluigi', 'Fracci-Petrucelli', '16');
INSERT INTO public.calciatore VALUES ('LICVDN40X15H830B', 'Temistocle', 'Tornatore', '93');
INSERT INTO public.calciatore VALUES ('JPTULI07J51M131X', 'Federigo', 'Alfieri', '92');
INSERT INTO public.calciatore VALUES ('YCSRMQ44O31G867F', 'Arnaldo', 'Onio', '61');
INSERT INTO public.calciatore VALUES ('GRSPTA27F98B679K', 'Flavio', 'Zoppetto', '97');
INSERT INTO public.calciatore VALUES ('LEBAJM01G51L125D', 'Gianpietro', 'Valguarnera', '67');
INSERT INTO public.calciatore VALUES ('AZDIJG92E45U244O', 'Cipriano', 'Corradi', '30');
INSERT INTO public.calciatore VALUES ('EJWCLL95L31E689S', 'Damiano', 'Fischetti-Roncalli', '57');
INSERT INTO public.calciatore VALUES ('DVIVOU88P62Z951B', 'Giancarlo', 'Contrafatto-Chechi', '42');
INSERT INTO public.calciatore VALUES ('OWLPAX81Z62F485A', 'Camillo', 'Toscanini', '91');
INSERT INTO public.calciatore VALUES ('INJJKZ04C66E943A', 'Alfredo', 'Paolucci', '73');
INSERT INTO public.calciatore VALUES ('RBGBZT80X68G526J', 'Hugo', 'Alboni', '51');
INSERT INTO public.calciatore VALUES ('VDJEUZ59B84R500E', 'Patrizio', 'Boaga', '35');
INSERT INTO public.calciatore VALUES ('BTZKMZ93A44F247B', 'Annibale', 'Giacconi', '38');
INSERT INTO public.calciatore VALUES ('GJPSPM16G24M639N', 'Pasqual', 'Pincherle', '64');
INSERT INTO public.calciatore VALUES ('NDJNOK96E74M027V', 'Martino', 'Doglioni', '26');
INSERT INTO public.calciatore VALUES ('VZDVIN78U36X676Q', 'Enzo', 'Bignami', '37');
INSERT INTO public.calciatore VALUES ('YTVQCC92G83X444Q', 'Renzo', 'Giannini', '66');
INSERT INTO public.calciatore VALUES ('WDQQFG81V06L998W', 'Leone', 'Federico', '63');
INSERT INTO public.calciatore VALUES ('NUFVTZ49G23U760Z', 'Dionigi', 'Ughi', '75');
INSERT INTO public.calciatore VALUES ('LSSBIT76D23I555W', 'Napoleone', 'Donatoni', '27');
INSERT INTO public.calciatore VALUES ('BBPNCF63D70H850M', 'Umberto', 'Romano-Borromeo', '86');
INSERT INTO public.calciatore VALUES ('RQMEGK73W64H784H', 'Mirko', 'Strangio', '64');
INSERT INTO public.calciatore VALUES ('LIOJEP24J55V794O', 'Massimo', 'Ferrari-Montalcini', '73');
INSERT INTO public.calciatore VALUES ('YRIXJQ74G57P731S', 'Bruno', 'Porcellato-Pergolesi', '31');
INSERT INTO public.calciatore VALUES ('XYULLA35U84J007D', 'Mariano', 'Gangemi', '15');
INSERT INTO public.calciatore VALUES ('BAZVGT25A23N142I', 'Giulio', 'Zeffirelli', '80');
INSERT INTO public.calciatore VALUES ('SHAWXI26W69P573Z', 'Piero', 'Argentero', '67');
INSERT INTO public.calciatore VALUES ('AIPDYC01I54E135G', 'Fredo', 'Fittipaldi', '41');
INSERT INTO public.calciatore VALUES ('AZWJBV90K97V354S', 'Rembrandt', 'Casini', '64');
INSERT INTO public.calciatore VALUES ('AIXELG11I33T356T', 'Alessio', 'Porcellato', '43');
INSERT INTO public.calciatore VALUES ('WUPTFA04E34I876V', 'Fedele', 'Poerio', '17');
INSERT INTO public.calciatore VALUES ('RCMQGW51X07A231I', 'Marcello', 'Ricciardi-Montalti', '29');
INSERT INTO public.calciatore VALUES ('LWHTTL35O94T559L', 'Pasquale', 'Filangieri', '36');
INSERT INTO public.calciatore VALUES ('ANHAEW10D73B925Z', 'Gino', 'Fallaci-Tosi', '40');
INSERT INTO public.calciatore VALUES ('NONYGY10B69W945K', 'Marcantonio', 'Monicelli', '25');
INSERT INTO public.calciatore VALUES ('DJYEZN83V87V808O', 'Enrico', 'Varano', '32');
INSERT INTO public.calciatore VALUES ('YSOXVK12S30D472L', 'Agnolo', 'Pizziol', '54');
INSERT INTO public.calciatore VALUES ('KQYQJA87W71I885Z', 'Martino', 'Salvemini', '25');
INSERT INTO public.calciatore VALUES ('HPIETU64W09N547A', 'Riccardo', 'Surian', '25');
INSERT INTO public.calciatore VALUES ('AMAPZU05Q41N994S', 'Tiziano', 'Pausini-Cilibrasi', '11');
INSERT INTO public.calciatore VALUES ('GJMPBO08V71N764K', 'Camillo', 'Angeli', '72');
INSERT INTO public.calciatore VALUES ('BCVGPU83K41M453O', 'Ottavio', 'Bassi', '46');
INSERT INTO public.calciatore VALUES ('BUQRYN00A76R557R', 'Ivo', 'Panzera-Castellitto', '89');
INSERT INTO public.calciatore VALUES ('DRYAXB20G89K607Q', 'Orlando', 'Catalano-Bertoli', '36');
INSERT INTO public.calciatore VALUES ('EVNFAJ48B50C835O', 'Ernesto', 'Brugnaro-Pellegrini', '95');
INSERT INTO public.calciatore VALUES ('RNOIJV89T85Q448I', 'Laureano', 'Fischetti-Castiglione', '81');
INSERT INTO public.calciatore VALUES ('YMZNWI79D61D147G', 'Ugolino', 'Marzorati', '22');
INSERT INTO public.calciatore VALUES ('ODJAKO03B67L724F', 'Piero', 'Aloisio', '47');
INSERT INTO public.calciatore VALUES ('WPYVBW53I05P084I', 'Agostino', 'Villarosa', '39');
INSERT INTO public.calciatore VALUES ('PWVLEY74W65K207M', 'Biagio', 'Jovinelli', '39');
INSERT INTO public.calciatore VALUES ('DFRFSN26L80L938Z', 'Enzio', 'Rossetti', '96');
INSERT INTO public.calciatore VALUES ('CTVCBR31B31E467N', 'Romolo', 'Ossani', '87');
INSERT INTO public.calciatore VALUES ('WYAEJL02Z26C126V', 'Ettore', 'Pisaroni-Garrone', '29');
INSERT INTO public.calciatore VALUES ('UEDIBS27E54C013H', 'Corrado', 'Gasperi', '52');
INSERT INTO public.calciatore VALUES ('PYRGHM55T99I242P', 'Donatello', 'Polesel', '56');
INSERT INTO public.calciatore VALUES ('BUHQEH12P95I548G', 'Marcello', 'Mastandrea', '63');
INSERT INTO public.calciatore VALUES ('VVRJZI66L78P322N', 'Virgilio', 'Roncalli', '95');
INSERT INTO public.calciatore VALUES ('IFGNHE84T37B000R', 'Manuel', 'Malipiero-Bandello', '92');
INSERT INTO public.calciatore VALUES ('ACRWVE35K13Y668S', 'Gastone', 'Leonardi', '40');
INSERT INTO public.calciatore VALUES ('SKASLD97X42T233S', 'Salvi', 'Gangemi', '64');
INSERT INTO public.calciatore VALUES ('WPYNHL35C87Z379S', 'Adelmo', 'Venditti', '47');
INSERT INTO public.calciatore VALUES ('UKKXSW79L37Y540E', 'Amleto', 'Navarria-Redi', '44');
INSERT INTO public.calciatore VALUES ('QDEHPM02D42J416V', 'Adelmo', 'Valier', '64');
INSERT INTO public.calciatore VALUES ('IKEDDP50W36Q884N', 'Salvatore', 'Mazzocchi-Pavanello', '13');
INSERT INTO public.calciatore VALUES ('TDDQAZ09O59W123L', 'Vincenzo', 'Marenzio', '82');
INSERT INTO public.calciatore VALUES ('TQBFKL19Y47Y296G', 'Alessandro', 'Giannone', '63');
INSERT INTO public.calciatore VALUES ('HUXGBF04G13R624C', 'Gianni', 'Letta', '78');
INSERT INTO public.calciatore VALUES ('CAAAXP59Y27P243D', 'Cesare', 'Monicelli', '38');
INSERT INTO public.calciatore VALUES ('AAFPTY84Y97H159D', 'Gian', 'Magrassi-Stoppani', '34');
INSERT INTO public.calciatore VALUES ('ZDJNDU64V57N184J', 'Mariano', 'Canil', '41');
INSERT INTO public.calciatore VALUES ('SRGMVN91E45E679N', 'Ronaldo', 'Trebbi', '52');
INSERT INTO public.calciatore VALUES ('LKSBSU18I54G372Z', 'Silvestro', 'Littizzetto', '90');
INSERT INTO public.calciatore VALUES ('BOGAYY20Y16U537P', 'Beppe', 'Parisi-Cheda', '12');
INSERT INTO public.calciatore VALUES ('EAHFPN09K91S636T', 'Vito', 'Palazzo', '65');
INSERT INTO public.calciatore VALUES ('JUQZFA37A42J124H', 'Fedele', 'Onisto-Caboto', '28');
INSERT INTO public.calciatore VALUES ('ONOLMS37N03P460G', 'Tiziano', 'Argento', '79');
INSERT INTO public.calciatore VALUES ('TDEBND18W21Q474F', 'Corrado', 'Totino', '94');
INSERT INTO public.calciatore VALUES ('GQRRPU39T97U363O', 'Nicolò', 'Moneta-Faranda', '30');
INSERT INTO public.calciatore VALUES ('SVLBLJ41M35Y050A', 'Romolo', 'Trapanese', '80');
INSERT INTO public.calciatore VALUES ('HWSPCK00A38Y246N', 'Valerio', 'Grasso', '58');
INSERT INTO public.calciatore VALUES ('CJDAYV44F88P890Y', 'Puccio', 'Filogamo', '88');
INSERT INTO public.calciatore VALUES ('UBFYNK25M55C071S', 'Aldo', 'Anastasi-Nordio', '57');
INSERT INTO public.calciatore VALUES ('ZMVOJF06Y05W034S', 'Pietro', 'Tartaglia', '84');


-- INSERT SQUADRE

INSERT INTO public.squadra VALUES (1, 'juventus', '1999/2000', 9);
INSERT INTO public.squadra VALUES (2, 'milan', '1999/2000', 6);
INSERT INTO public.squadra VALUES (3, 'inter', '1999/2000', 3);
INSERT INTO public.squadra VALUES (4, 'torino', '1999/2000', 0);
INSERT INTO public.squadra VALUES (5, 'hellas verona', '1999/2000', 0);
INSERT INTO public.squadra VALUES (6, 'chievo', '1999/2000', 3);
INSERT INTO public.squadra VALUES (7, 'roma', '1999/2000', 0);
INSERT INTO public.squadra VALUES (8, 'lazio', '1999/2000', 0);


-- ASSOCIAZIONE GIOCATORE - SQUADRA

INSERT INTO public.calciatoresquadra VALUES ('UONAMF68G79N870D', 1);
INSERT INTO public.calciatoresquadra VALUES ('UBPAMN55V04Y974I', 1);
INSERT INTO public.calciatoresquadra VALUES ('KZOUFT25O38A994P', 1);
INSERT INTO public.calciatoresquadra VALUES ('ZBUOEO32V90Q723H', 1);
INSERT INTO public.calciatoresquadra VALUES ('SFSNNV74M34Z807W', 1);
INSERT INTO public.calciatoresquadra VALUES ('JQQCDM88A26U366P', 1);
INSERT INTO public.calciatoresquadra VALUES ('EORLJH12R72M200R', 1);
INSERT INTO public.calciatoresquadra VALUES ('DUGZMF33M60L675L', 1);
INSERT INTO public.calciatoresquadra VALUES ('XJVKPT62T78Q494Q', 1);
INSERT INTO public.calciatoresquadra VALUES ('QXWANV61B61I383I', 1);
INSERT INTO public.calciatoresquadra VALUES ('JUJLFH49O46A326T', 1);
INSERT INTO public.calciatoresquadra VALUES ('HKMBXA12U49V882I', 2);
INSERT INTO public.calciatoresquadra VALUES ('YZRUXT81N35F991X', 2);
INSERT INTO public.calciatoresquadra VALUES ('MVFXXB39J40P080L', 2);
INSERT INTO public.calciatoresquadra VALUES ('NMZKSJ19H84G312B', 2);
INSERT INTO public.calciatoresquadra VALUES ('MQVIWE00Z78E127I', 2);
INSERT INTO public.calciatoresquadra VALUES ('LICVDN40X15H830B', 2);
INSERT INTO public.calciatoresquadra VALUES ('JPTULI07J51M131X', 2);
INSERT INTO public.calciatoresquadra VALUES ('YCSRMQ44O31G867F', 2);
INSERT INTO public.calciatoresquadra VALUES ('GRSPTA27F98B679K', 2);
INSERT INTO public.calciatoresquadra VALUES ('LEBAJM01G51L125D', 2);
INSERT INTO public.calciatoresquadra VALUES ('AZDIJG92E45U244O', 2);
INSERT INTO public.calciatoresquadra VALUES ('DVIVOU88P62Z951B', 3);
INSERT INTO public.calciatoresquadra VALUES ('OWLPAX81Z62F485A', 3);
INSERT INTO public.calciatoresquadra VALUES ('INJJKZ04C66E943A', 3);
INSERT INTO public.calciatoresquadra VALUES ('RBGBZT80X68G526J', 3);
INSERT INTO public.calciatoresquadra VALUES ('VDJEUZ59B84R500E', 3);
INSERT INTO public.calciatoresquadra VALUES ('BTZKMZ93A44F247B', 3);
INSERT INTO public.calciatoresquadra VALUES ('GJPSPM16G24M639N', 3);
INSERT INTO public.calciatoresquadra VALUES ('NDJNOK96E74M027V', 3);
INSERT INTO public.calciatoresquadra VALUES ('VZDVIN78U36X676Q', 3);
INSERT INTO public.calciatoresquadra VALUES ('YTVQCC92G83X444Q', 3);
INSERT INTO public.calciatoresquadra VALUES ('WDQQFG81V06L998W', 3);
INSERT INTO public.calciatoresquadra VALUES ('LSSBIT76D23I555W', 4);
INSERT INTO public.calciatoresquadra VALUES ('BBPNCF63D70H850M', 4);
INSERT INTO public.calciatoresquadra VALUES ('RQMEGK73W64H784H', 4);
INSERT INTO public.calciatoresquadra VALUES ('LIOJEP24J55V794O', 4);
INSERT INTO public.calciatoresquadra VALUES ('YRIXJQ74G57P731S', 4);
INSERT INTO public.calciatoresquadra VALUES ('XYULLA35U84J007D', 4);
INSERT INTO public.calciatoresquadra VALUES ('BAZVGT25A23N142I', 4);
INSERT INTO public.calciatoresquadra VALUES ('SHAWXI26W69P573Z', 4);
INSERT INTO public.calciatoresquadra VALUES ('AIPDYC01I54E135G', 4);
INSERT INTO public.calciatoresquadra VALUES ('AZWJBV90K97V354S', 4);
INSERT INTO public.calciatoresquadra VALUES ('AIXELG11I33T356T', 4);
INSERT INTO public.calciatoresquadra VALUES ('RCMQGW51X07A231I', 5);
INSERT INTO public.calciatoresquadra VALUES ('LWHTTL35O94T559L', 5);
INSERT INTO public.calciatoresquadra VALUES ('ANHAEW10D73B925Z', 5);
INSERT INTO public.calciatoresquadra VALUES ('NONYGY10B69W945K', 5);
INSERT INTO public.calciatoresquadra VALUES ('DJYEZN83V87V808O', 5);
INSERT INTO public.calciatoresquadra VALUES ('YSOXVK12S30D472L', 5);
INSERT INTO public.calciatoresquadra VALUES ('KQYQJA87W71I885Z', 5);
INSERT INTO public.calciatoresquadra VALUES ('HPIETU64W09N547A', 5);
INSERT INTO public.calciatoresquadra VALUES ('AMAPZU05Q41N994S', 5);
INSERT INTO public.calciatoresquadra VALUES ('GJMPBO08V71N764K', 5);
INSERT INTO public.calciatoresquadra VALUES ('BCVGPU83K41M453O', 5);
INSERT INTO public.calciatoresquadra VALUES ('DRYAXB20G89K607Q', 6);
INSERT INTO public.calciatoresquadra VALUES ('EVNFAJ48B50C835O', 6);
INSERT INTO public.calciatoresquadra VALUES ('RNOIJV89T85Q448I', 6);
INSERT INTO public.calciatoresquadra VALUES ('YMZNWI79D61D147G', 6);
INSERT INTO public.calciatoresquadra VALUES ('ODJAKO03B67L724F', 6);
INSERT INTO public.calciatoresquadra VALUES ('WPYVBW53I05P084I', 6);
INSERT INTO public.calciatoresquadra VALUES ('PWVLEY74W65K207M', 6);
INSERT INTO public.calciatoresquadra VALUES ('DFRFSN26L80L938Z', 6);
INSERT INTO public.calciatoresquadra VALUES ('CTVCBR31B31E467N', 6);
INSERT INTO public.calciatoresquadra VALUES ('WYAEJL02Z26C126V', 6);
INSERT INTO public.calciatoresquadra VALUES ('UEDIBS27E54C013H', 6);
INSERT INTO public.calciatoresquadra VALUES ('BUHQEH12P95I548G', 7);
INSERT INTO public.calciatoresquadra VALUES ('VVRJZI66L78P322N', 7);
INSERT INTO public.calciatoresquadra VALUES ('IFGNHE84T37B000R', 7);
INSERT INTO public.calciatoresquadra VALUES ('ACRWVE35K13Y668S', 7);
INSERT INTO public.calciatoresquadra VALUES ('SKASLD97X42T233S', 7);
INSERT INTO public.calciatoresquadra VALUES ('WPYNHL35C87Z379S', 7);
INSERT INTO public.calciatoresquadra VALUES ('UKKXSW79L37Y540E', 7);
INSERT INTO public.calciatoresquadra VALUES ('QDEHPM02D42J416V', 7);
INSERT INTO public.calciatoresquadra VALUES ('IKEDDP50W36Q884N', 7);
INSERT INTO public.calciatoresquadra VALUES ('TDDQAZ09O59W123L', 7);
INSERT INTO public.calciatoresquadra VALUES ('TQBFKL19Y47Y296G', 7);
INSERT INTO public.calciatoresquadra VALUES ('CAAAXP59Y27P243D', 8);
INSERT INTO public.calciatoresquadra VALUES ('AAFPTY84Y97H159D', 8);
INSERT INTO public.calciatoresquadra VALUES ('ZDJNDU64V57N184J', 8);
INSERT INTO public.calciatoresquadra VALUES ('SRGMVN91E45E679N', 8);
INSERT INTO public.calciatoresquadra VALUES ('LKSBSU18I54G372Z', 8);
INSERT INTO public.calciatoresquadra VALUES ('BOGAYY20Y16U537P', 8);
INSERT INTO public.calciatoresquadra VALUES ('EAHFPN09K91S636T', 8);
INSERT INTO public.calciatoresquadra VALUES ('JUQZFA37A42J124H', 8);
INSERT INTO public.calciatoresquadra VALUES ('ONOLMS37N03P460G', 8);
INSERT INTO public.calciatoresquadra VALUES ('TDEBND18W21Q474F', 8);
INSERT INTO public.calciatoresquadra VALUES ('GQRRPU39T97U363O', 8);


-- INSERT CAMPIONATO

INSERT INTO public.campionato VALUES (1, '1999/2000');


-- INSERT PARTITE

INSERT INTO public.partita VALUES (1, 4, '1999-01-22', 'Juventus Stadium', 1, 1, 'Quarti di Finale');
INSERT INTO public.partita VALUES (2, 5, '1999-01-29', 'SanSiro Stadium', 2, 1, 'Quarti di Finale');
INSERT INTO public.partita VALUES (3, 7, '1999-02-05', 'SanSiro Stadium', 3, 1, 'Quarti di Finale');
INSERT INTO public.partita VALUES (6, 8, '1999-02-12', 'Bentegodi Stadium', 6, 1, 'Quarti di Finale');
INSERT INTO public.partita VALUES (2, 3, '1999-02-18', 'SanSiro Stadium', 2, 1, 'Semifinale');
INSERT INTO public.partita VALUES (1, 6, '1999-02-25', 'Juventus Stadium', 1, 1, 'Semifinale');
INSERT INTO public.partita VALUES (1, 2, '1999-03-04', 'Juventus Stadium', 1, 1, 'Finale');