-- STRAMBINI ENEA CL. 5AI A.S. 2019/2020 --
-- SVOLGIMENTO ELABORATO INDIVIDUALE DI INFORMATICA  --

-- INSERT GIOCATORI
INSERT INTO public.calciatore VALUES ('PDANAA68C44B360I', 'Cesare', 'Gaggini', '11');
INSERT INTO public.calciatore VALUES ('OUDCFN96W83M390N', 'Gianfrancesco', 'Metella', '15');
INSERT INTO public.calciatore VALUES ('KFGGBI71U80L525J', 'Coluccio', 'Dallara', '55');
INSERT INTO public.calciatore VALUES ('GTRZXR00B97O413Y', 'Ettore', 'Tamburello', '38');
INSERT INTO public.calciatore VALUES ('IPYSLQ60D55K497A', 'Carmelo', 'Toscani', '80');
INSERT INTO public.calciatore VALUES ('XBMVXL69V23M470U', 'Riccardo', 'Quasimodo', '71');
INSERT INTO public.calciatore VALUES ('QGTFRQ36G40E380U', 'Ennio', 'Schiaparelli-Marino', '54');
INSERT INTO public.calciatore VALUES ('XOGWTD38K11P379K', 'Pierluigi', 'Segrè', '31');
INSERT INTO public.calciatore VALUES ('BFOHHG59N95F902B', 'Camillo', 'Cilibrasi', '78');
INSERT INTO public.calciatore VALUES ('TWGTTC14S18C096Y', 'Atenulf', 'Barbarigo', '23');
INSERT INTO public.calciatore VALUES ('IBUYPT53T22Q579N', 'Patrizio', 'Nicolini', '26');
INSERT INTO public.calciatore VALUES ('LKGEOQ33V13U811C', 'Nico', 'Albertini', '57');
INSERT INTO public.calciatore VALUES ('UEDGIY17X36W431G', 'Amleto', 'Stucchi', '39');
INSERT INTO public.calciatore VALUES ('CCWDTV49L09F010Z', 'Puccio', 'Casarin', '89');
INSERT INTO public.calciatore VALUES ('MWDEUP32G51X146S', 'Temistocle', 'Morucci-Scaramucci', '99');
INSERT INTO public.calciatore VALUES ('UMFNIN77O31K792Y', 'Rodolfo', 'Pagliaro', '19');
INSERT INTO public.calciatore VALUES ('YVUMNO62J99P649E', 'Edoardo', 'Leopardi', '94');
INSERT INTO public.calciatore VALUES ('JJBTCU97A05B116G', 'Marcantonio', 'Botta', '42');
INSERT INTO public.calciatore VALUES ('DIDYTU70I68Y999Q', 'Gino', 'Malpighi-Romagnoli', '38');
INSERT INTO public.calciatore VALUES ('FKEVJX89X67E049T', 'Durante', 'Giacometti-Garibaldi', '79');
INSERT INTO public.calciatore VALUES ('BSVCLE31F45E937Q', 'Virgilio', 'Vercelloni', '61');
INSERT INTO public.calciatore VALUES ('SHPGZG88Q64N481I', 'Rodolfo', 'Stoppani', '45');
INSERT INTO public.calciatore VALUES ('QSDZWE26A32N452D', 'Alberto', 'Moneta', '97');
INSERT INTO public.calciatore VALUES ('ORAFGC49K17P243R', 'Giacomo', 'Villadicani', '38');
INSERT INTO public.calciatore VALUES ('ILGCNV78D09V570E', 'Claudio', 'Satta', '18');
INSERT INTO public.calciatore VALUES ('GEVNXT31O89F342Z', 'Gilberto', 'Monteverdi', '94');
INSERT INTO public.calciatore VALUES ('BZXMSX30Q78F504D', 'Hugo', 'Nitti', '18');
INSERT INTO public.calciatore VALUES ('UOMVEW53X07Q933L', 'Gianfrancesco', 'Comisso', '29');
INSERT INTO public.calciatore VALUES ('JFNILE50I63R549N', 'Massimiliano', 'Platini', '37');
INSERT INTO public.calciatore VALUES ('GVYVWS09B58K753I', 'Gianpaolo', 'Castiglione-Vittadello', '84');
INSERT INTO public.calciatore VALUES ('BTJVGE41U63R332C', 'Biagio', 'Rossi', '69');
INSERT INTO public.calciatore VALUES ('DKHTOI58J09N701B', 'Azeglio', 'Giolitti', '41');
INSERT INTO public.calciatore VALUES ('QEHYGK63Z06G775R', 'Ricciotti', 'Malenchini', '70');
INSERT INTO public.calciatore VALUES ('MZWZOH51Y02U451V', 'Hugo', 'Micheletti', '11');
INSERT INTO public.calciatore VALUES ('HWABIV00L70H350L', 'Guglielmo', 'Bramante-Vanvitelli', '94');
INSERT INTO public.calciatore VALUES ('EGWQRG66Q50A682C', 'Corrado', 'Pepe', '32');
INSERT INTO public.calciatore VALUES ('TVTEIM60R02N770F', 'Ferdinando', 'Solimena', '31');
INSERT INTO public.calciatore VALUES ('JCNAIW32E37S192Q', 'Enzio', 'Sommaruga', '76');
INSERT INTO public.calciatore VALUES ('AHWDLX24F30P192T', 'Hugo', 'Canevascini', '16');
INSERT INTO public.calciatore VALUES ('LNVDAM57F37G819G', 'Michelangelo', 'Duodo', '47');
INSERT INTO public.calciatore VALUES ('AYNFNQ13L77S621A', 'Azeglio', 'Petrocelli', '45');
INSERT INTO public.calciatore VALUES ('MMRZND38L84R678I', 'Cipriano', 'Fuseli', '18');
INSERT INTO public.calciatore VALUES ('KEBUXR21A83X902T', 'Gianpaolo', 'Castiglione', '56');
INSERT INTO public.calciatore VALUES ('YIUDEC37Q74G480E', 'Umberto', 'Raimondi', '35');
INSERT INTO public.calciatore VALUES ('UCLLFB75F45X802F', 'Ennio', 'Pulci', '75');
INSERT INTO public.calciatore VALUES ('SIKIVP00E72L578G', 'Giosuè', 'Udinesi', '30');
INSERT INTO public.calciatore VALUES ('PNPCUS49H30F023H', 'Luciano', 'Bertoni', '81');
INSERT INTO public.calciatore VALUES ('MRDVUN01N66Q695W', 'Gianluigi', 'Proietti', '41');
INSERT INTO public.calciatore VALUES ('SGOVHA06T52B651O', 'Alfredo', 'Ioppi', '53');
INSERT INTO public.calciatore VALUES ('WJSUWE11O90L231F', 'Gioacchino', 'Barese', '72');
INSERT INTO public.calciatore VALUES ('QOQLJG73L56B011S', 'Orazio', 'Moneta-Zaguri', '75');
INSERT INTO public.calciatore VALUES ('MBLUKN22F41Q093B', 'Tiziano', 'Correr-Taliercio', '75');
INSERT INTO public.calciatore VALUES ('KIGWNV06R13I064H', 'Uberto', 'Duse-Micca', '25');
INSERT INTO public.calciatore VALUES ('OCZPLK29F70N148V', 'Temistocle', 'Tutino', '86');
INSERT INTO public.calciatore VALUES ('LWZTIT91G41P270U', 'Lodovico', 'Duodo', '49');
INSERT INTO public.calciatore VALUES ('RJNOES04V02M726D', 'Augusto', 'Zanzi', '54');
INSERT INTO public.calciatore VALUES ('BYZTDQ14I87Q552L', 'Ugolino', 'Barbarigo', '66');
INSERT INTO public.calciatore VALUES ('SKLBNZ17Q27K241V', 'Elladio', 'Iannuzzi', '16');
INSERT INTO public.calciatore VALUES ('PQWAWJ22P24I544Q', 'Michele', 'Argan-Antonelli', '29');
INSERT INTO public.calciatore VALUES ('TNICMW77Q65T096B', 'Mauro', 'Monte', '97');
INSERT INTO public.calciatore VALUES ('ZHNDUB17Y40F109I', 'Michele', 'Ottino', '87');
INSERT INTO public.calciatore VALUES ('WSNASI13S20T775G', 'Giacinto', 'Fabrizi', '59');
INSERT INTO public.calciatore VALUES ('VEROED03I00Y714L', 'Pierpaolo', 'Porcellato', '93');
INSERT INTO public.calciatore VALUES ('AFMBAF18M37X334J', 'Liberto', 'Pavarotti-Alighieri', '84');
INSERT INTO public.calciatore VALUES ('RTDDKU39H03B452F', 'Maurilio', 'Valentino', '13');
INSERT INTO public.calciatore VALUES ('VDFOUJ40E54K863F', 'Gioachino', 'Spinelli-Comisso', '17');
INSERT INTO public.calciatore VALUES ('ZQCUBB31U63A105Y', 'Gino', 'Farina', '77');
INSERT INTO public.calciatore VALUES ('QFCDTZ38R92L167S', 'Augusto', 'Treccani', '96');
INSERT INTO public.calciatore VALUES ('GYCSTC53O02P095S', 'Girolamo', 'Petrucci', '23');
INSERT INTO public.calciatore VALUES ('CWPBQK51F85L223D', 'Gioele', 'Pausini', '66');
INSERT INTO public.calciatore VALUES ('NHEEIO30Z23L436A', 'Nino', 'Lupo', '91');
INSERT INTO public.calciatore VALUES ('FQEQPB67K05O008O', 'Gian', 'Bernini', '68');
INSERT INTO public.calciatore VALUES ('XEVHYG06W22V773O', 'Torquato', 'Necci-Telesio', '20');
INSERT INTO public.calciatore VALUES ('RSJEHF96M78V917T', 'Ottavio', 'Correr-Fogazzaro', '75');
INSERT INTO public.calciatore VALUES ('XTLHKT82P24D974C', 'Luchino', 'Spadafora', '79');
INSERT INTO public.calciatore VALUES ('CDHRTL12R90S478N', 'Gianpietro', 'Doria', '47');
INSERT INTO public.calciatore VALUES ('HYNQBQ23U27V683G', 'Ermes', 'Agnesi', '62');
INSERT INTO public.calciatore VALUES ('KJQCOZ21F07T627Z', 'Ruggero', 'Garrone', '37');
INSERT INTO public.calciatore VALUES ('BCNMQX82B43I237R', 'Flavio', 'Curatoli', '50');
INSERT INTO public.calciatore VALUES ('LEXEEC31T21B380E', 'Ubaldo', 'Donà-Petrucelli', '19');
INSERT INTO public.calciatore VALUES ('CXGSLS62U27G363N', 'Severino', 'Accardo', '43');
INSERT INTO public.calciatore VALUES ('UWGPHA90H55T635G', 'Biagio', 'Pizzamano-Scarpetta', '44');
INSERT INTO public.calciatore VALUES ('KPHIEC70I91S927I', 'Ugo', 'Abate-Ferretti', '63');
INSERT INTO public.calciatore VALUES ('LEAURE01F21Z169B', 'Leone', 'Cannizzaro', '39');
INSERT INTO public.calciatore VALUES ('OUIUBH86W03K873M', 'Amico', 'Tuzzolino', '33');
INSERT INTO public.calciatore VALUES ('QFPGFI83N35R661U', 'Ennio', 'Chigi', '88');
INSERT INTO public.calciatore VALUES ('TMTFFP71D23W404B', 'Gianluca', 'Mussolini', '92');
INSERT INTO public.calciatore VALUES ('PACDPA34G01K613Q', 'Durante', 'Galuppi', '48');
INSERT INTO public.calciatore VALUES ('JSGJFJ10T02E080Y', 'Damiano', 'Agostinelli', '55');
INSERT INTO public.calciatore VALUES ('IDRHRJ49F29S209G', 'Mario', 'Zecchini', '45');
INSERT INTO public.calciatore VALUES ('KVKFTY73K06U601V', 'Sante', 'Malatesta', '77');
INSERT INTO public.calciatore VALUES ('DXUYXR30S08E290N', 'Marcantonio', 'Tomasini', '66');
INSERT INTO public.calciatore VALUES ('YFBRQU60X36A660P', 'Gian', 'Agnesi', '88');
INSERT INTO public.calciatore VALUES ('MXNFWM64A93T795F', 'Rosario', 'Renault-Barillaro', '76');
INSERT INTO public.calciatore VALUES ('MZQOUA61W29G623C', 'Girolamo', 'Niscoromni', '73');
INSERT INTO public.calciatore VALUES ('RENZNK07M00M453U', 'Paride', 'Armani', '87');
INSERT INTO public.calciatore VALUES ('VRHFOB40T86H203V', 'Ruggiero', 'Vecellio', '43');
INSERT INTO public.calciatore VALUES ('TZCKAS15L60P393V', 'Alberto', 'Einaudi', '69');
INSERT INTO public.calciatore VALUES ('EXUEQS24Q11D343Y', 'Michelangelo', 'Mercadante', '94');
INSERT INTO public.calciatore VALUES ('GDLYLQ71U47F994K', 'Gianmarco', 'Vigliotti-Naccari', '55');

-- INSERT SQUADRE
INSERT INTO public.squadra VALUES (1, 'Juventus', '1999/2000', 9);
INSERT INTO public.squadra VALUES (2, 'Milan', '1999/2000', 6);
INSERT INTO public.squadra VALUES (3, 'Inter', '1999/2000', 3);
INSERT INTO public.squadra VALUES (4, 'Torino', '1999/2000', 0);
INSERT INTO public.squadra VALUES (5, 'Hellas Verona', '1999/2000', 0);
INSERT INTO public.squadra VALUES (6, 'Chievo', '1999/2000', 3);
INSERT INTO public.squadra VALUES (7, 'Roma', '1999/2000', 0);
INSERT INTO public.squadra VALUES (8, 'Lazio', '1999/2000', 0);
INSERT INTO public.squadra VALUES (9, 'Juventus', '2000/2001', 6);
INSERT INTO public.squadra VALUES (10, 'Milan', '2000/2001', 3);
INSERT INTO public.squadra VALUES (11, 'Inter', '2000/2001', 3);
INSERT INTO public.squadra VALUES (12, 'Torino', '2000/2001', 0);
INSERT INTO public.squadra VALUES (13, 'Hellas Verona', '2000/2001', 9);
INSERT INTO public.squadra VALUES (14, 'Chievo', '2000/2001', 0);
INSERT INTO public.squadra VALUES (15, 'Roma', '2000/2001', 0);
INSERT INTO public.squadra VALUES (16, 'Lazio', '2000/2001', 0);
INSERT INTO public.squadra VALUES (17, 'Juventus', '2001/2002', 0);
INSERT INTO public.squadra VALUES (18, 'Milan', '2001/2002', 3);
INSERT INTO public.squadra VALUES (19, 'Inter', '2001/2002', 9);
INSERT INTO public.squadra VALUES (20, 'Torino', '2001/2002', 3);
INSERT INTO public.squadra VALUES (21, 'Hellas Verona', '2001/2002', 6);
INSERT INTO public.squadra VALUES (22, 'Chievo', '2001/2002', 0);
INSERT INTO public.squadra VALUES (23, 'Roma', '2001/2002', 0);
INSERT INTO public.squadra VALUES (24, 'Lazio', '2001/2002', 0);

-- ASSOCIAZIONE GIOCATORE - SQUADRA
INSERT INTO public.calciatoresquadra VALUES ('PDANAA68C44B360I', 1);
INSERT INTO public.calciatoresquadra VALUES ('OUDCFN96W83M390N', 1);
INSERT INTO public.calciatoresquadra VALUES ('KFGGBI71U80L525J', 1);
INSERT INTO public.calciatoresquadra VALUES ('GTRZXR00B97O413Y', 1);
INSERT INTO public.calciatoresquadra VALUES ('IPYSLQ60D55K497A', 1);
INSERT INTO public.calciatoresquadra VALUES ('XBMVXL69V23M470U', 1);
INSERT INTO public.calciatoresquadra VALUES ('QGTFRQ36G40E380U', 1);
INSERT INTO public.calciatoresquadra VALUES ('XOGWTD38K11P379K', 1);
INSERT INTO public.calciatoresquadra VALUES ('BFOHHG59N95F902B', 1);
INSERT INTO public.calciatoresquadra VALUES ('TWGTTC14S18C096Y', 1);
INSERT INTO public.calciatoresquadra VALUES ('IBUYPT53T22Q579N', 1);
INSERT INTO public.calciatoresquadra VALUES ('LKGEOQ33V13U811C', 2);
INSERT INTO public.calciatoresquadra VALUES ('UEDGIY17X36W431G', 2);
INSERT INTO public.calciatoresquadra VALUES ('CCWDTV49L09F010Z', 2);
INSERT INTO public.calciatoresquadra VALUES ('MWDEUP32G51X146S', 2);
INSERT INTO public.calciatoresquadra VALUES ('UMFNIN77O31K792Y', 2);
INSERT INTO public.calciatoresquadra VALUES ('YVUMNO62J99P649E', 2);
INSERT INTO public.calciatoresquadra VALUES ('JJBTCU97A05B116G', 2);
INSERT INTO public.calciatoresquadra VALUES ('DIDYTU70I68Y999Q', 2);
INSERT INTO public.calciatoresquadra VALUES ('FKEVJX89X67E049T', 2);
INSERT INTO public.calciatoresquadra VALUES ('BSVCLE31F45E937Q', 2);
INSERT INTO public.calciatoresquadra VALUES ('SHPGZG88Q64N481I', 2);
INSERT INTO public.calciatoresquadra VALUES ('QSDZWE26A32N452D', 3);
INSERT INTO public.calciatoresquadra VALUES ('ORAFGC49K17P243R', 3);
INSERT INTO public.calciatoresquadra VALUES ('ILGCNV78D09V570E', 3);
INSERT INTO public.calciatoresquadra VALUES ('GEVNXT31O89F342Z', 3);
INSERT INTO public.calciatoresquadra VALUES ('BZXMSX30Q78F504D', 3);
INSERT INTO public.calciatoresquadra VALUES ('UOMVEW53X07Q933L', 3);
INSERT INTO public.calciatoresquadra VALUES ('JFNILE50I63R549N', 3);
INSERT INTO public.calciatoresquadra VALUES ('GVYVWS09B58K753I', 3);
INSERT INTO public.calciatoresquadra VALUES ('BTJVGE41U63R332C', 3);
INSERT INTO public.calciatoresquadra VALUES ('DKHTOI58J09N701B', 3);
INSERT INTO public.calciatoresquadra VALUES ('QEHYGK63Z06G775R', 3);
INSERT INTO public.calciatoresquadra VALUES ('MZWZOH51Y02U451V', 4);
INSERT INTO public.calciatoresquadra VALUES ('HWABIV00L70H350L', 4);
INSERT INTO public.calciatoresquadra VALUES ('EGWQRG66Q50A682C', 4);
INSERT INTO public.calciatoresquadra VALUES ('TVTEIM60R02N770F', 4);
INSERT INTO public.calciatoresquadra VALUES ('JCNAIW32E37S192Q', 4);
INSERT INTO public.calciatoresquadra VALUES ('AHWDLX24F30P192T', 4);
INSERT INTO public.calciatoresquadra VALUES ('LNVDAM57F37G819G', 4);
INSERT INTO public.calciatoresquadra VALUES ('AYNFNQ13L77S621A', 4);
INSERT INTO public.calciatoresquadra VALUES ('MMRZND38L84R678I', 4);
INSERT INTO public.calciatoresquadra VALUES ('KEBUXR21A83X902T', 4);
INSERT INTO public.calciatoresquadra VALUES ('YIUDEC37Q74G480E', 4);
INSERT INTO public.calciatoresquadra VALUES ('UCLLFB75F45X802F', 5);
INSERT INTO public.calciatoresquadra VALUES ('SIKIVP00E72L578G', 5);
INSERT INTO public.calciatoresquadra VALUES ('PNPCUS49H30F023H', 5);
INSERT INTO public.calciatoresquadra VALUES ('MRDVUN01N66Q695W', 5);
INSERT INTO public.calciatoresquadra VALUES ('SGOVHA06T52B651O', 5);
INSERT INTO public.calciatoresquadra VALUES ('WJSUWE11O90L231F', 5);
INSERT INTO public.calciatoresquadra VALUES ('QOQLJG73L56B011S', 5);
INSERT INTO public.calciatoresquadra VALUES ('MBLUKN22F41Q093B', 5);
INSERT INTO public.calciatoresquadra VALUES ('KIGWNV06R13I064H', 5);
INSERT INTO public.calciatoresquadra VALUES ('OCZPLK29F70N148V', 5);
INSERT INTO public.calciatoresquadra VALUES ('LWZTIT91G41P270U', 5);
INSERT INTO public.calciatoresquadra VALUES ('RJNOES04V02M726D', 6);
INSERT INTO public.calciatoresquadra VALUES ('BYZTDQ14I87Q552L', 6);
INSERT INTO public.calciatoresquadra VALUES ('SKLBNZ17Q27K241V', 6);
INSERT INTO public.calciatoresquadra VALUES ('PQWAWJ22P24I544Q', 6);
INSERT INTO public.calciatoresquadra VALUES ('TNICMW77Q65T096B', 6);
INSERT INTO public.calciatoresquadra VALUES ('ZHNDUB17Y40F109I', 6);
INSERT INTO public.calciatoresquadra VALUES ('WSNASI13S20T775G', 6);
INSERT INTO public.calciatoresquadra VALUES ('VEROED03I00Y714L', 6);
INSERT INTO public.calciatoresquadra VALUES ('AFMBAF18M37X334J', 6);
INSERT INTO public.calciatoresquadra VALUES ('RTDDKU39H03B452F', 6);
INSERT INTO public.calciatoresquadra VALUES ('VDFOUJ40E54K863F', 6);
INSERT INTO public.calciatoresquadra VALUES ('ZQCUBB31U63A105Y', 7);
INSERT INTO public.calciatoresquadra VALUES ('QFCDTZ38R92L167S', 7);
INSERT INTO public.calciatoresquadra VALUES ('GYCSTC53O02P095S', 7);
INSERT INTO public.calciatoresquadra VALUES ('CWPBQK51F85L223D', 7);
INSERT INTO public.calciatoresquadra VALUES ('NHEEIO30Z23L436A', 7);
INSERT INTO public.calciatoresquadra VALUES ('FQEQPB67K05O008O', 7);
INSERT INTO public.calciatoresquadra VALUES ('XEVHYG06W22V773O', 7);
INSERT INTO public.calciatoresquadra VALUES ('RSJEHF96M78V917T', 7);
INSERT INTO public.calciatoresquadra VALUES ('XTLHKT82P24D974C', 7);
INSERT INTO public.calciatoresquadra VALUES ('CDHRTL12R90S478N', 7);
INSERT INTO public.calciatoresquadra VALUES ('HYNQBQ23U27V683G', 7);
INSERT INTO public.calciatoresquadra VALUES ('KJQCOZ21F07T627Z', 8);
INSERT INTO public.calciatoresquadra VALUES ('BCNMQX82B43I237R', 8);
INSERT INTO public.calciatoresquadra VALUES ('LEXEEC31T21B380E', 8);
INSERT INTO public.calciatoresquadra VALUES ('CXGSLS62U27G363N', 8);
INSERT INTO public.calciatoresquadra VALUES ('UWGPHA90H55T635G', 8);
INSERT INTO public.calciatoresquadra VALUES ('KPHIEC70I91S927I', 8);
INSERT INTO public.calciatoresquadra VALUES ('LEAURE01F21Z169B', 8);
INSERT INTO public.calciatoresquadra VALUES ('OUIUBH86W03K873M', 8);
INSERT INTO public.calciatoresquadra VALUES ('QFPGFI83N35R661U', 8);
INSERT INTO public.calciatoresquadra VALUES ('TMTFFP71D23W404B', 8);
INSERT INTO public.calciatoresquadra VALUES ('PACDPA34G01K613Q', 8);
INSERT INTO public.calciatoresquadra VALUES ('GTRZXR00B97O413Y', 9);
INSERT INTO public.calciatoresquadra VALUES ('IPYSLQ60D55K497A', 9);
INSERT INTO public.calciatoresquadra VALUES ('XBMVXL69V23M470U', 9);
INSERT INTO public.calciatoresquadra VALUES ('QGTFRQ36G40E380U', 9);
INSERT INTO public.calciatoresquadra VALUES ('XOGWTD38K11P379K', 9);
INSERT INTO public.calciatoresquadra VALUES ('BFOHHG59N95F902B', 9);
INSERT INTO public.calciatoresquadra VALUES ('TWGTTC14S18C096Y', 9);
INSERT INTO public.calciatoresquadra VALUES ('IBUYPT53T22Q579N', 9);
INSERT INTO public.calciatoresquadra VALUES ('LKGEOQ33V13U811C', 9);
INSERT INTO public.calciatoresquadra VALUES ('UEDGIY17X36W431G', 9);
INSERT INTO public.calciatoresquadra VALUES ('CCWDTV49L09F010Z', 9);
INSERT INTO public.calciatoresquadra VALUES ('MWDEUP32G51X146S', 10);
INSERT INTO public.calciatoresquadra VALUES ('UMFNIN77O31K792Y', 10);
INSERT INTO public.calciatoresquadra VALUES ('YVUMNO62J99P649E', 10);
INSERT INTO public.calciatoresquadra VALUES ('JJBTCU97A05B116G', 10);
INSERT INTO public.calciatoresquadra VALUES ('DIDYTU70I68Y999Q', 10);
INSERT INTO public.calciatoresquadra VALUES ('FKEVJX89X67E049T', 10);
INSERT INTO public.calciatoresquadra VALUES ('BSVCLE31F45E937Q', 10);
INSERT INTO public.calciatoresquadra VALUES ('SHPGZG88Q64N481I', 10);
INSERT INTO public.calciatoresquadra VALUES ('QSDZWE26A32N452D', 10);
INSERT INTO public.calciatoresquadra VALUES ('ORAFGC49K17P243R', 10);
INSERT INTO public.calciatoresquadra VALUES ('ILGCNV78D09V570E', 10);
INSERT INTO public.calciatoresquadra VALUES ('GEVNXT31O89F342Z', 11);
INSERT INTO public.calciatoresquadra VALUES ('BZXMSX30Q78F504D', 11);
INSERT INTO public.calciatoresquadra VALUES ('UOMVEW53X07Q933L', 11);
INSERT INTO public.calciatoresquadra VALUES ('JFNILE50I63R549N', 11);
INSERT INTO public.calciatoresquadra VALUES ('GVYVWS09B58K753I', 11);
INSERT INTO public.calciatoresquadra VALUES ('BTJVGE41U63R332C', 11);
INSERT INTO public.calciatoresquadra VALUES ('DKHTOI58J09N701B', 11);
INSERT INTO public.calciatoresquadra VALUES ('QEHYGK63Z06G775R', 11);
INSERT INTO public.calciatoresquadra VALUES ('MZWZOH51Y02U451V', 11);
INSERT INTO public.calciatoresquadra VALUES ('HWABIV00L70H350L', 11);
INSERT INTO public.calciatoresquadra VALUES ('EGWQRG66Q50A682C', 11);
INSERT INTO public.calciatoresquadra VALUES ('TVTEIM60R02N770F', 12);
INSERT INTO public.calciatoresquadra VALUES ('JCNAIW32E37S192Q', 12);
INSERT INTO public.calciatoresquadra VALUES ('AHWDLX24F30P192T', 12);
INSERT INTO public.calciatoresquadra VALUES ('LNVDAM57F37G819G', 12);
INSERT INTO public.calciatoresquadra VALUES ('AYNFNQ13L77S621A', 12);
INSERT INTO public.calciatoresquadra VALUES ('MMRZND38L84R678I', 12);
INSERT INTO public.calciatoresquadra VALUES ('KEBUXR21A83X902T', 12);
INSERT INTO public.calciatoresquadra VALUES ('YIUDEC37Q74G480E', 12);
INSERT INTO public.calciatoresquadra VALUES ('UCLLFB75F45X802F', 12);
INSERT INTO public.calciatoresquadra VALUES ('SIKIVP00E72L578G', 12);
INSERT INTO public.calciatoresquadra VALUES ('PNPCUS49H30F023H', 12);
INSERT INTO public.calciatoresquadra VALUES ('MRDVUN01N66Q695W', 13);
INSERT INTO public.calciatoresquadra VALUES ('SGOVHA06T52B651O', 13);
INSERT INTO public.calciatoresquadra VALUES ('WJSUWE11O90L231F', 13);
INSERT INTO public.calciatoresquadra VALUES ('QOQLJG73L56B011S', 13);
INSERT INTO public.calciatoresquadra VALUES ('MBLUKN22F41Q093B', 13);
INSERT INTO public.calciatoresquadra VALUES ('KIGWNV06R13I064H', 13);
INSERT INTO public.calciatoresquadra VALUES ('OCZPLK29F70N148V', 13);
INSERT INTO public.calciatoresquadra VALUES ('LWZTIT91G41P270U', 13);
INSERT INTO public.calciatoresquadra VALUES ('RJNOES04V02M726D', 13);
INSERT INTO public.calciatoresquadra VALUES ('BYZTDQ14I87Q552L', 13);
INSERT INTO public.calciatoresquadra VALUES ('SKLBNZ17Q27K241V', 13);
INSERT INTO public.calciatoresquadra VALUES ('PQWAWJ22P24I544Q', 14);
INSERT INTO public.calciatoresquadra VALUES ('TNICMW77Q65T096B', 14);
INSERT INTO public.calciatoresquadra VALUES ('ZHNDUB17Y40F109I', 14);
INSERT INTO public.calciatoresquadra VALUES ('WSNASI13S20T775G', 14);
INSERT INTO public.calciatoresquadra VALUES ('VEROED03I00Y714L', 14);
INSERT INTO public.calciatoresquadra VALUES ('AFMBAF18M37X334J', 14);
INSERT INTO public.calciatoresquadra VALUES ('RTDDKU39H03B452F', 14);
INSERT INTO public.calciatoresquadra VALUES ('VDFOUJ40E54K863F', 14);
INSERT INTO public.calciatoresquadra VALUES ('ZQCUBB31U63A105Y', 14);
INSERT INTO public.calciatoresquadra VALUES ('QFCDTZ38R92L167S', 14);
INSERT INTO public.calciatoresquadra VALUES ('GYCSTC53O02P095S', 14);
INSERT INTO public.calciatoresquadra VALUES ('CWPBQK51F85L223D', 15);
INSERT INTO public.calciatoresquadra VALUES ('NHEEIO30Z23L436A', 15);
INSERT INTO public.calciatoresquadra VALUES ('FQEQPB67K05O008O', 15);
INSERT INTO public.calciatoresquadra VALUES ('XEVHYG06W22V773O', 15);
INSERT INTO public.calciatoresquadra VALUES ('RSJEHF96M78V917T', 15);
INSERT INTO public.calciatoresquadra VALUES ('XTLHKT82P24D974C', 15);
INSERT INTO public.calciatoresquadra VALUES ('CDHRTL12R90S478N', 15);
INSERT INTO public.calciatoresquadra VALUES ('HYNQBQ23U27V683G', 15);
INSERT INTO public.calciatoresquadra VALUES ('KJQCOZ21F07T627Z', 15);
INSERT INTO public.calciatoresquadra VALUES ('BCNMQX82B43I237R', 15);
INSERT INTO public.calciatoresquadra VALUES ('LEXEEC31T21B380E', 15);
INSERT INTO public.calciatoresquadra VALUES ('CXGSLS62U27G363N', 16);
INSERT INTO public.calciatoresquadra VALUES ('UWGPHA90H55T635G', 16);
INSERT INTO public.calciatoresquadra VALUES ('KPHIEC70I91S927I', 16);
INSERT INTO public.calciatoresquadra VALUES ('LEAURE01F21Z169B', 16);
INSERT INTO public.calciatoresquadra VALUES ('OUIUBH86W03K873M', 16);
INSERT INTO public.calciatoresquadra VALUES ('QFPGFI83N35R661U', 16);
INSERT INTO public.calciatoresquadra VALUES ('TMTFFP71D23W404B', 16);
INSERT INTO public.calciatoresquadra VALUES ('PACDPA34G01K613Q', 16);
INSERT INTO public.calciatoresquadra VALUES ('JSGJFJ10T02E080Y', 16);
INSERT INTO public.calciatoresquadra VALUES ('IDRHRJ49F29S209G', 16);
INSERT INTO public.calciatoresquadra VALUES ('KVKFTY73K06U601V', 16);
INSERT INTO public.calciatoresquadra VALUES ('LKGEOQ33V13U811C', 17);
INSERT INTO public.calciatoresquadra VALUES ('UEDGIY17X36W431G', 17);
INSERT INTO public.calciatoresquadra VALUES ('CCWDTV49L09F010Z', 17);
INSERT INTO public.calciatoresquadra VALUES ('MWDEUP32G51X146S', 17);
INSERT INTO public.calciatoresquadra VALUES ('UMFNIN77O31K792Y', 17);
INSERT INTO public.calciatoresquadra VALUES ('YVUMNO62J99P649E', 17);
INSERT INTO public.calciatoresquadra VALUES ('JJBTCU97A05B116G', 17);
INSERT INTO public.calciatoresquadra VALUES ('DIDYTU70I68Y999Q', 17);
INSERT INTO public.calciatoresquadra VALUES ('FKEVJX89X67E049T', 17);
INSERT INTO public.calciatoresquadra VALUES ('BSVCLE31F45E937Q', 17);
INSERT INTO public.calciatoresquadra VALUES ('SHPGZG88Q64N481I', 17);
INSERT INTO public.calciatoresquadra VALUES ('QSDZWE26A32N452D', 18);
INSERT INTO public.calciatoresquadra VALUES ('ORAFGC49K17P243R', 18);
INSERT INTO public.calciatoresquadra VALUES ('ILGCNV78D09V570E', 18);
INSERT INTO public.calciatoresquadra VALUES ('GEVNXT31O89F342Z', 18);
INSERT INTO public.calciatoresquadra VALUES ('BZXMSX30Q78F504D', 18);
INSERT INTO public.calciatoresquadra VALUES ('UOMVEW53X07Q933L', 18);
INSERT INTO public.calciatoresquadra VALUES ('JFNILE50I63R549N', 18);
INSERT INTO public.calciatoresquadra VALUES ('GVYVWS09B58K753I', 18);
INSERT INTO public.calciatoresquadra VALUES ('BTJVGE41U63R332C', 18);
INSERT INTO public.calciatoresquadra VALUES ('DKHTOI58J09N701B', 18);
INSERT INTO public.calciatoresquadra VALUES ('QEHYGK63Z06G775R', 18);
INSERT INTO public.calciatoresquadra VALUES ('MZWZOH51Y02U451V', 19);
INSERT INTO public.calciatoresquadra VALUES ('HWABIV00L70H350L', 19);
INSERT INTO public.calciatoresquadra VALUES ('EGWQRG66Q50A682C', 19);
INSERT INTO public.calciatoresquadra VALUES ('TVTEIM60R02N770F', 19);
INSERT INTO public.calciatoresquadra VALUES ('JCNAIW32E37S192Q', 19);
INSERT INTO public.calciatoresquadra VALUES ('AHWDLX24F30P192T', 19);
INSERT INTO public.calciatoresquadra VALUES ('LNVDAM57F37G819G', 19);
INSERT INTO public.calciatoresquadra VALUES ('AYNFNQ13L77S621A', 19);
INSERT INTO public.calciatoresquadra VALUES ('MMRZND38L84R678I', 19);
INSERT INTO public.calciatoresquadra VALUES ('KEBUXR21A83X902T', 19);
INSERT INTO public.calciatoresquadra VALUES ('YIUDEC37Q74G480E', 19);
INSERT INTO public.calciatoresquadra VALUES ('UCLLFB75F45X802F', 20);
INSERT INTO public.calciatoresquadra VALUES ('SIKIVP00E72L578G', 20);
INSERT INTO public.calciatoresquadra VALUES ('PNPCUS49H30F023H', 20);
INSERT INTO public.calciatoresquadra VALUES ('MRDVUN01N66Q695W', 20);
INSERT INTO public.calciatoresquadra VALUES ('SGOVHA06T52B651O', 20);
INSERT INTO public.calciatoresquadra VALUES ('WJSUWE11O90L231F', 20);
INSERT INTO public.calciatoresquadra VALUES ('QOQLJG73L56B011S', 20);
INSERT INTO public.calciatoresquadra VALUES ('MBLUKN22F41Q093B', 20);
INSERT INTO public.calciatoresquadra VALUES ('KIGWNV06R13I064H', 20);
INSERT INTO public.calciatoresquadra VALUES ('OCZPLK29F70N148V', 20);
INSERT INTO public.calciatoresquadra VALUES ('LWZTIT91G41P270U', 20);
INSERT INTO public.calciatoresquadra VALUES ('RJNOES04V02M726D', 21);
INSERT INTO public.calciatoresquadra VALUES ('BYZTDQ14I87Q552L', 21);
INSERT INTO public.calciatoresquadra VALUES ('SKLBNZ17Q27K241V', 21);
INSERT INTO public.calciatoresquadra VALUES ('PQWAWJ22P24I544Q', 21);
INSERT INTO public.calciatoresquadra VALUES ('TNICMW77Q65T096B', 21);
INSERT INTO public.calciatoresquadra VALUES ('ZHNDUB17Y40F109I', 21);
INSERT INTO public.calciatoresquadra VALUES ('WSNASI13S20T775G', 21);
INSERT INTO public.calciatoresquadra VALUES ('VEROED03I00Y714L', 21);
INSERT INTO public.calciatoresquadra VALUES ('AFMBAF18M37X334J', 21);
INSERT INTO public.calciatoresquadra VALUES ('RTDDKU39H03B452F', 21);
INSERT INTO public.calciatoresquadra VALUES ('VDFOUJ40E54K863F', 21);
INSERT INTO public.calciatoresquadra VALUES ('ZQCUBB31U63A105Y', 22);
INSERT INTO public.calciatoresquadra VALUES ('QFCDTZ38R92L167S', 22);
INSERT INTO public.calciatoresquadra VALUES ('GYCSTC53O02P095S', 22);
INSERT INTO public.calciatoresquadra VALUES ('CWPBQK51F85L223D', 22);
INSERT INTO public.calciatoresquadra VALUES ('NHEEIO30Z23L436A', 22);
INSERT INTO public.calciatoresquadra VALUES ('FQEQPB67K05O008O', 22);
INSERT INTO public.calciatoresquadra VALUES ('XEVHYG06W22V773O', 22);
INSERT INTO public.calciatoresquadra VALUES ('RSJEHF96M78V917T', 22);
INSERT INTO public.calciatoresquadra VALUES ('XTLHKT82P24D974C', 22);
INSERT INTO public.calciatoresquadra VALUES ('CDHRTL12R90S478N', 22);
INSERT INTO public.calciatoresquadra VALUES ('HYNQBQ23U27V683G', 22);
INSERT INTO public.calciatoresquadra VALUES ('KJQCOZ21F07T627Z', 23);
INSERT INTO public.calciatoresquadra VALUES ('BCNMQX82B43I237R', 23);
INSERT INTO public.calciatoresquadra VALUES ('LEXEEC31T21B380E', 23);
INSERT INTO public.calciatoresquadra VALUES ('CXGSLS62U27G363N', 23);
INSERT INTO public.calciatoresquadra VALUES ('UWGPHA90H55T635G', 23);
INSERT INTO public.calciatoresquadra VALUES ('KPHIEC70I91S927I', 23);
INSERT INTO public.calciatoresquadra VALUES ('LEAURE01F21Z169B', 23);
INSERT INTO public.calciatoresquadra VALUES ('OUIUBH86W03K873M', 23);
INSERT INTO public.calciatoresquadra VALUES ('QFPGFI83N35R661U', 23);
INSERT INTO public.calciatoresquadra VALUES ('TMTFFP71D23W404B', 23);
INSERT INTO public.calciatoresquadra VALUES ('PACDPA34G01K613Q', 23);
INSERT INTO public.calciatoresquadra VALUES ('JSGJFJ10T02E080Y', 24);
INSERT INTO public.calciatoresquadra VALUES ('IDRHRJ49F29S209G', 24);
INSERT INTO public.calciatoresquadra VALUES ('KVKFTY73K06U601V', 24);
INSERT INTO public.calciatoresquadra VALUES ('DXUYXR30S08E290N', 24);
INSERT INTO public.calciatoresquadra VALUES ('YFBRQU60X36A660P', 24);
INSERT INTO public.calciatoresquadra VALUES ('MXNFWM64A93T795F', 24);
INSERT INTO public.calciatoresquadra VALUES ('MZQOUA61W29G623C', 24);
INSERT INTO public.calciatoresquadra VALUES ('RENZNK07M00M453U', 24);
INSERT INTO public.calciatoresquadra VALUES ('VRHFOB40T86H203V', 24);
INSERT INTO public.calciatoresquadra VALUES ('TZCKAS15L60P393V', 24);
INSERT INTO public.calciatoresquadra VALUES ('EXUEQS24Q11D343Y', 24);


-- INSERT CAMPIONATO
INSERT INTO public.campionato VALUES (1, '1999/2000');
INSERT INTO public.campionato VALUES (2, '2000/2001');
INSERT INTO public.campionato VALUES (3, '2001/2002');

-- INSERT PARTITE
INSERT INTO public.partita VALUES (1, 4, '1999-01-22', 'Juventus Stadium', 1, 1, 'Quarti di Finale');
INSERT INTO public.partita VALUES (2, 5, '1999-01-29', 'SanSiro Stadium', 2, 1, 'Quarti di Finale');
INSERT INTO public.partita VALUES (3, 7, '1999-02-05', 'SanSiro Stadium', 3, 1, 'Quarti di Finale');
INSERT INTO public.partita VALUES (6, 8, '1999-02-12', 'Bentegodi Stadium', 6, 1, 'Quarti di Finale');
INSERT INTO public.partita VALUES (2, 3, '1999-02-18', 'SanSiro Stadium', 2, 1, 'Semifinale');
INSERT INTO public.partita VALUES (1, 6, '1999-02-25', 'Juventus Stadium', 1, 1, 'Semifinale');
INSERT INTO public.partita VALUES (1, 2, '1999-03-04', 'Juventus Stadium', 1, 1, 'Finale');
INSERT INTO public.partita VALUES (10, 16, '2000-01-22', 'SanSiro Stadium', 10, 2, 'Quarti di Finale');
INSERT INTO public.partita VALUES (11, 15, '2000-01-29', 'SanSiro Stadium', 11, 2, 'Quarti di Finale');
INSERT INTO public.partita VALUES (12, 13, '2000-02-05', 'Juventus Stadium', 13, 2, 'Quarti di Finale');
INSERT INTO public.partita VALUES (9, 14, '2000-02-12', 'Juventus Stadium', 9, 2, 'Quarti di Finale');
INSERT INTO public.partita VALUES (13, 11, '2000-02-18', 'Bentegodi Stadium', 2, 2, 'Semifinale');
INSERT INTO public.partita VALUES (9, 10, '2000-02-25', 'Juventus Stadium', 9, 2, 'Semifinale');
INSERT INTO public.partita VALUES (13, 9, '2000-03-04', 'Bentegodi Stadium', 13, 2, 'Finale');
INSERT INTO public.partita VALUES (20, 22, '2001-01-22', 'Juventus Stadium', 20, 3, 'Quarti di Finale');
INSERT INTO public.partita VALUES (24, 18, '2001-01-29', 'Stadio Olimpico', 18, 3, 'Quarti di Finale');
INSERT INTO public.partita VALUES (21, 23, '2001-02-05', 'Bentegodi Stadium', 21, 3, 'Quarti di Finale');
INSERT INTO public.partita VALUES (19, 17, '2001-02-12', 'SanSiro Stadium', 19, 3, 'Quarti di Finale');
INSERT INTO public.partita VALUES (18, 19, '2001-02-18', 'SanSiro Stadium', 19, 3, 'Semifinale');
INSERT INTO public.partita VALUES (21, 20, '2001-02-25', 'Bentegodi Stadium', 21, 3, 'Semifinale');
INSERT INTO public.partita VALUES (21, 19, '2001-03-04', 'Bentegodi Stadium', 19, 3, 'Finale');