-- STRAMBINI ENEA CL. 5AI A.S. 2019/2020 --
-- SVOLGIMENTO ELABORATO INDIVIDUALE DI INFORMATICA  --

-- INSERT GIOCATORI

INSERT INTO public.calciatore ("CF", "Nome", "Cognome", "Numero") VALUES ('DUXFAP43A12W282 ', 'Gino', 'Prodi', '29');
INSERT INTO public.calciatore ("CF", "Nome", "Cognome", "Numero") VALUES ('AITIVR67F68S490 ', 'Ugolino', 'Torlonia-Geraci', '71');
INSERT INTO public.calciatore ("CF", "Nome", "Cognome", "Numero") VALUES ('VKSWFC33S05P331 ', 'Ennio', 'Turchi', '34');
INSERT INTO public.calciatore ("CF", "Nome", "Cognome", "Numero") VALUES ('BENPGK79Q69U241 ', 'Adriano', 'Pace', '23');
INSERT INTO public.calciatore ("CF", "Nome", "Cognome", "Numero") VALUES ('HXXEUI96O51V248 ', 'Roman', 'Gioberti', '28');
INSERT INTO public.calciatore ("CF", "Nome", "Cognome", "Numero") VALUES ('SUBMWZ32J43Q635 ', 'Raffaello', 'Acerbi', '19');
INSERT INTO public.calciatore ("CF", "Nome", "Cognome", "Numero") VALUES ('YLBRTG35T74E400 ', 'Armando', 'Onio', '77');
INSERT INTO public.calciatore ("CF", "Nome", "Cognome", "Numero") VALUES ('JWQRQG18I57R935 ', 'Dario', 'Verdi-Ariasso', '45');
INSERT INTO public.calciatore ("CF", "Nome", "Cognome", "Numero") VALUES ('STZDRE74Q91T856 ', 'Niccolò', 'Travaglia', '83');
INSERT INTO public.calciatore ("CF", "Nome", "Cognome", "Numero") VALUES ('ROHMTW32F08W758 ', 'Luca', 'Sokolov', '82');
INSERT INTO public.calciatore ("CF", "Nome", "Cognome", "Numero") VALUES ('PYLCZX72E12Z761 ', 'Michelotto', 'Montanariello', '71');
INSERT INTO public.calciatore ("CF", "Nome", "Cognome", "Numero") VALUES ('LLPRXZ50G78D783 ', 'Giustino', 'Galeati', '18');
INSERT INTO public.calciatore ("CF", "Nome", "Cognome", "Numero") VALUES ('HREPMW11R07X240 ', 'Gastone', 'Casadei', '97');
INSERT INTO public.calciatore ("CF", "Nome", "Cognome", "Numero") VALUES ('RQXIED77F81V189 ', 'Agostino', 'Rosselli-Ioppi', '75');
INSERT INTO public.calciatore ("CF", "Nome", "Cognome", "Numero") VALUES ('LKTZRX80N53A389 ', 'Costantino', 'Leoncavallo-Goldstein', '88');
INSERT INTO public.calciatore ("CF", "Nome", "Cognome", "Numero") VALUES ('YTVQPX83I45T037 ', 'Martino', 'Doria', '68');
INSERT INTO public.calciatore ("CF", "Nome", "Cognome", "Numero") VALUES ('XQBICI01Z64W493 ', 'Sandro', 'Modigliani', '87');
INSERT INTO public.calciatore ("CF", "Nome", "Cognome", "Numero") VALUES ('UBGJQM17Q08S873 ', 'Ricciotti', 'Cuda-Bernardini', '82');
INSERT INTO public.calciatore ("CF", "Nome", "Cognome", "Numero") VALUES ('MXZLPW33U75J543 ', 'Lodovico', 'Guidotti', '40');
INSERT INTO public.calciatore ("CF", "Nome", "Cognome", "Numero") VALUES ('IKRXVS60S90T182 ', 'Corrado', 'Silvestri', '57');
INSERT INTO public.calciatore ("CF", "Nome", "Cognome", "Numero") VALUES ('FNTKUA89Q22T751 ', 'Dionigi', 'Angeli', '28');
INSERT INTO public.calciatore ("CF", "Nome", "Cognome", "Numero") VALUES ('SIPANO63M32B365 ', 'Riccardo', 'Comboni', '58');
INSERT INTO public.calciatore ("CF", "Nome", "Cognome", "Numero") VALUES ('WREULI37M74L974 ', 'Cesare', 'Alboni', '50');
INSERT INTO public.calciatore ("CF", "Nome", "Cognome", "Numero") VALUES ('QBTONO12P05D199 ', 'Adelmo', 'Aloisio', '54');
INSERT INTO public.calciatore ("CF", "Nome", "Cognome", "Numero") VALUES ('HJDVCN00Q90W954 ', 'Ezio', 'Faranda-Duse', '41');
INSERT INTO public.calciatore ("CF", "Nome", "Cognome", "Numero") VALUES ('XYLOQC26X94M648 ', 'Jacopo', 'Mascheroni-Cagnotto', '44');
INSERT INTO public.calciatore ("CF", "Nome", "Cognome", "Numero") VALUES ('WJPTWW71K27Y224 ', 'Mirco', 'Pinamonte', '19');
INSERT INTO public.calciatore ("CF", "Nome", "Cognome", "Numero") VALUES ('MVRIXU05N24T854 ', 'Beppe', 'Murialdo-Pennetta', '21');
INSERT INTO public.calciatore ("CF", "Nome", "Cognome", "Numero") VALUES ('SJGLOA41Z24C503 ', 'Benito', 'Nonis', '66');
INSERT INTO public.calciatore ("CF", "Nome", "Cognome", "Numero") VALUES ('MAKEQB34K05W083 ', 'Leopoldo', 'Parri', '35');
INSERT INTO public.calciatore ("CF", "Nome", "Cognome", "Numero") VALUES ('NICHSE28X16O864 ', 'Delfino', 'Faugno-Ciani', '80');
INSERT INTO public.calciatore ("CF", "Nome", "Cognome", "Numero") VALUES ('IBAPPW83T90U629 ', 'Azeglio', 'Iannelli', '50');
INSERT INTO public.calciatore ("CF", "Nome", "Cognome", "Numero") VALUES ('FHHCAE44B40D807 ', 'Romeo', 'Aulenti-Bulzoni', '85');
INSERT INTO public.calciatore ("CF", "Nome", "Cognome", "Numero") VALUES ('NXQOBY49A84A392 ', 'Bernardo', 'Cagnin', '64');
INSERT INTO public.calciatore ("CF", "Nome", "Cognome", "Numero") VALUES ('FXYMNJ39N70F373 ', 'Lucio', 'Gullotta-Rusticucci', '71');
INSERT INTO public.calciatore ("CF", "Nome", "Cognome", "Numero") VALUES ('JQPOTZ91K87B229 ', 'Claudio', 'Favata', '64');
INSERT INTO public.calciatore ("CF", "Nome", "Cognome", "Numero") VALUES ('ZNLVKV73S57P828 ', 'Leone', 'Metella', '19');
INSERT INTO public.calciatore ("CF", "Nome", "Cognome", "Numero") VALUES ('OKLWMP18I74E342 ', 'Venancio', 'Visintini', '65');
INSERT INTO public.calciatore ("CF", "Nome", "Cognome", "Numero") VALUES ('TKMCFO43K32Q930 ', 'Gaetano', 'Basso', '89');
INSERT INTO public.calciatore ("CF", "Nome", "Cognome", "Numero") VALUES ('FITKZB85D39L409 ', 'Franco', 'Platini', '93');
INSERT INTO public.calciatore ("CF", "Nome", "Cognome", "Numero") VALUES ('UCJPNE43O86U635 ', 'Girolamo', 'Faranda', '57');
INSERT INTO public.calciatore ("CF", "Nome", "Cognome", "Numero") VALUES ('RPNHSP46E99D598 ', 'Raffaello', 'Lettiere', '82');
INSERT INTO public.calciatore ("CF", "Nome", "Cognome", "Numero") VALUES ('VYIRET97U64S231 ', 'Giulio', 'Gatto', '30');
INSERT INTO public.calciatore ("CF", "Nome", "Cognome", "Numero") VALUES ('VCVWJP51K94S401 ', 'Ferdinando', 'Liguori', '76');
INSERT INTO public.calciatore ("CF", "Nome", "Cognome", "Numero") VALUES ('JTFDFD03M73L293 ', 'Raffaele', 'Lerner', '63');
INSERT INTO public.calciatore ("CF", "Nome", "Cognome", "Numero") VALUES ('YAWJCB99B54K464 ', 'Lamberto', 'Garobbio', '93');
INSERT INTO public.calciatore ("CF", "Nome", "Cognome", "Numero") VALUES ('ZPGRFZ55I22B409 ', 'Giampiero', 'Trussardi-Asprucci', '40');
INSERT INTO public.calciatore ("CF", "Nome", "Cognome", "Numero") VALUES ('SVZAXM30X44N095 ', 'Armando', 'Pulci', '54');
INSERT INTO public.calciatore ("CF", "Nome", "Cognome", "Numero") VALUES ('QIYVNH40P64C870 ', 'Gianni', 'Berrè', '96');
INSERT INTO public.calciatore ("CF", "Nome", "Cognome", "Numero") VALUES ('LWPRXT56R07L189 ', 'Nicolò', 'Volterra-Bosurgi', '18');
INSERT INTO public.calciatore ("CF", "Nome", "Cognome", "Numero") VALUES ('WRASWI52C57R386 ', 'Atenulf', 'Salgari-Ubaldi', '87');
INSERT INTO public.calciatore ("CF", "Nome", "Cognome", "Numero") VALUES ('YDHADJ34C48P271 ', 'Sante', 'Pedersoli', '52');
INSERT INTO public.calciatore ("CF", "Nome", "Cognome", "Numero") VALUES ('FYYRJI86O00Y450 ', 'Hugo', 'Natta', '24');
INSERT INTO public.calciatore ("CF", "Nome", "Cognome", "Numero") VALUES ('ZYBAHM02R69V873 ', 'Alberico', 'Amaldi', '91');
INSERT INTO public.calciatore ("CF", "Nome", "Cognome", "Numero") VALUES ('DBLNXR38V71O461 ', 'Roman', 'Saffi', '99');
INSERT INTO public.calciatore ("CF", "Nome", "Cognome", "Numero") VALUES ('LAXHII91R52A944 ', 'Marco', 'Almagià', '40');
INSERT INTO public.calciatore ("CF", "Nome", "Cognome", "Numero") VALUES ('HPZYIS51K16Q987 ', 'Maurizio', 'Pistoletto', '28');
INSERT INTO public.calciatore ("CF", "Nome", "Cognome", "Numero") VALUES ('MUEJRY30A72Z358 ', 'Luigi', 'Guglielmi', '40');
INSERT INTO public.calciatore ("CF", "Nome", "Cognome", "Numero") VALUES ('CBBJLB67O73U709 ', 'Mariano', 'Simeoni', '20');
INSERT INTO public.calciatore ("CF", "Nome", "Cognome", "Numero") VALUES ('FGRZTL32D08M837 ', 'Pomponio', 'Capuana', '46');
INSERT INTO public.calciatore ("CF", "Nome", "Cognome", "Numero") VALUES ('ZRNSJZ75C41E411 ', 'Santino', 'Lopresti', '94');
INSERT INTO public.calciatore ("CF", "Nome", "Cognome", "Numero") VALUES ('OJEVJY84P85A250 ', 'Napoleone', 'Stefanelli', '18');
INSERT INTO public.calciatore ("CF", "Nome", "Cognome", "Numero") VALUES ('HSAFVV02C30R751 ', 'Filippo', 'Quasimodo-Omma', '23');
INSERT INTO public.calciatore ("CF", "Nome", "Cognome", "Numero") VALUES ('TRXLAV98O99T700 ', 'Raffaele', 'Dossi', '68');
INSERT INTO public.calciatore ("CF", "Nome", "Cognome", "Numero") VALUES ('ZONCFH15J74B131 ', 'Enzo', 'Comeriato', '10');
INSERT INTO public.calciatore ("CF", "Nome", "Cognome", "Numero") VALUES ('KNDMSF87L09K045 ', 'Nicolò', 'Golino', '41');
INSERT INTO public.calciatore ("CF", "Nome", "Cognome", "Numero") VALUES ('ZYOFHZ83P53Q515 ', 'Adelmo', 'Valguarnera', '23');
INSERT INTO public.calciatore ("CF", "Nome", "Cognome", "Numero") VALUES ('NVXVMN66N78A862 ', 'Ruggero', 'Sonnino', '74');
INSERT INTO public.calciatore ("CF", "Nome", "Cognome", "Numero") VALUES ('NSIZHH45R61W150 ', 'Luigi', 'Baresi-Tozzi', '36');
INSERT INTO public.calciatore ("CF", "Nome", "Cognome", "Numero") VALUES ('AEGXWH54V20O400 ', 'Pierluigi', 'Manzoni', '53');
INSERT INTO public.calciatore ("CF", "Nome", "Cognome", "Numero") VALUES ('MOVDHO02Q59B902 ', 'Paride', 'Corcos', '88');
INSERT INTO public.calciatore ("CF", "Nome", "Cognome", "Numero") VALUES ('JLKRMH67C12L107 ', 'Benvenuto', 'Morpurgo', '26');
INSERT INTO public.calciatore ("CF", "Nome", "Cognome", "Numero") VALUES ('NAIBMY60K96A565 ', 'Gianfrancesco', 'Corbo', '57');
INSERT INTO public.calciatore ("CF", "Nome", "Cognome", "Numero") VALUES ('FWMIJH28Z91R126 ', 'Ansaldo', 'Salvemini-Riccardi', '49');
INSERT INTO public.calciatore ("CF", "Nome", "Cognome", "Numero") VALUES ('GUNPST44Y58B056 ', 'Napoleone', 'Frescobaldi', '69');
INSERT INTO public.calciatore ("CF", "Nome", "Cognome", "Numero") VALUES ('KQHEZJ10X76O807 ', 'Antonio', 'Condoleo', '65');
INSERT INTO public.calciatore ("CF", "Nome", "Cognome", "Numero") VALUES ('IRMHKK17E69P516 ', 'Baldassare', 'Meucci', '67');
INSERT INTO public.calciatore ("CF", "Nome", "Cognome", "Numero") VALUES ('PCDFHE34H92D320 ', 'Michele', 'Aloisio', '80');
INSERT INTO public.calciatore ("CF", "Nome", "Cognome", "Numero") VALUES ('JNKDYR72N01K137 ', 'Giancarlo', 'Pinamonte', '40');
INSERT INTO public.calciatore ("CF", "Nome", "Cognome", "Numero") VALUES ('CPRNPQ18A66Z449 ', 'Valerio', 'Basso', '46');
INSERT INTO public.calciatore ("CF", "Nome", "Cognome", "Numero") VALUES ('PWIGED60I85R590 ', 'Venancio', 'Tropea', '13');
INSERT INTO public.calciatore ("CF", "Nome", "Cognome", "Numero") VALUES ('FQFFPF29R45Z608 ', 'Leone', 'Lanfranchi-Lucchesi', '35');
INSERT INTO public.calciatore ("CF", "Nome", "Cognome", "Numero") VALUES ('PTOZWJ54V85Z540 ', 'Fabrizio', 'Dellucci', '94');
INSERT INTO public.calciatore ("CF", "Nome", "Cognome", "Numero") VALUES ('KOGQJH42X34D809 ', 'Cirillo', 'Angeli', '69');
INSERT INTO public.calciatore ("CF", "Nome", "Cognome", "Numero") VALUES ('AMNKQG37S49F764 ', 'Fausto', 'Petruzzi', '77');
INSERT INTO public.calciatore ("CF", "Nome", "Cognome", "Numero") VALUES ('HTQDXL77I80G883 ', 'Fabrizio', 'Sforza-Cagnin', '99');
INSERT INTO public.calciatore ("CF", "Nome", "Cognome", "Numero") VALUES ('DRLTSU21O53R615 ', 'Nicolò', 'Piccio', '89');
INSERT INTO public.calciatore ("CF", "Nome", "Cognome", "Numero") VALUES ('ZYECZF00Q31C333 ', 'Fabio', 'Petrucelli', '68');
INSERT INTO public.calciatore ("CF", "Nome", "Cognome", "Numero") VALUES ('EEXXRI47H24D847 ', 'Giustino', 'Marsili-Gigli', '11');
INSERT INTO public.calciatore ("CF", "Nome", "Cognome", "Numero") VALUES ('WJZZPH99Y63H056 ', 'Gian', 'Liverotti-Bonanno', '22');
INSERT INTO public.calciatore ("CF", "Nome", "Cognome", "Numero") VALUES ('LYOTQO33H97X565 ', 'Giacobbe', 'Berlusconi', '40');
INSERT INTO public.calciatore ("CF", "Nome", "Cognome", "Numero") VALUES ('YXKKDH37A25M185 ', 'Arnaldo', 'Crispi', '88');
INSERT INTO public.calciatore ("CF", "Nome", "Cognome", "Numero") VALUES ('TZJCBZ41A01K635 ', 'Durante', 'Leblanc', '51');
INSERT INTO public.calciatore ("CF", "Nome", "Cognome", "Numero") VALUES ('QYXBAN44Z94J585 ', 'Carmelo', 'Barbarigo', '18');
INSERT INTO public.calciatore ("CF", "Nome", "Cognome", "Numero") VALUES ('SWECYP04Z19L306 ', 'Raffaele', 'Troisi', '69');
INSERT INTO public.calciatore ("CF", "Nome", "Cognome", "Numero") VALUES ('JXYCNZ62F82C389 ', 'Sabatino', 'Monte', '76');
INSERT INTO public.calciatore ("CF", "Nome", "Cognome", "Numero") VALUES ('EIRWNO48O87V943 ', 'Giulio', 'Barese', '87');
INSERT INTO public.calciatore ("CF", "Nome", "Cognome", "Numero") VALUES ('APIWRT12D38N451 ', 'Bartolomeo', 'Odescalchi', '82');
INSERT INTO public.calciatore ("CF", "Nome", "Cognome", "Numero") VALUES ('SRJEVR51N68A050 ', 'Raimondo', 'Fuseli', '11');
INSERT INTO public.calciatore ("CF", "Nome", "Cognome", "Numero") VALUES ('RAOQZU04E71T435 ', 'Lando', 'Badoglio', '55');


-- INSERT SQUADRE

INSERT INTO public.squadra ("ID", "Nome", "Stagione", "Punti") VALUES (1, 'juventus', '1999/2000', 9);
INSERT INTO public.squadra ("ID", "Nome", "Stagione", "Punti") VALUES (2, 'milan', '1999/2000', 6);
INSERT INTO public.squadra ("ID", "Nome", "Stagione", "Punti") VALUES (3, 'inter', '1999/2000', 3);
INSERT INTO public.squadra ("ID", "Nome", "Stagione", "Punti") VALUES (4, 'torino', '1999/2000', 0);
INSERT INTO public.squadra ("ID", "Nome", "Stagione", "Punti") VALUES (5, 'hellas verona', '1999/2000', 0);
INSERT INTO public.squadra ("ID", "Nome", "Stagione", "Punti") VALUES (6, 'chievo', '1999/2000', 3);
INSERT INTO public.squadra ("ID", "Nome", "Stagione", "Punti") VALUES (7, 'roma', '1999/2000', 0);
INSERT INTO public.squadra ("ID", "Nome", "Stagione", "Punti") VALUES (8, 'lazio', '1999/2000', 0);


-- ASSOCIAZIONE GIOCATORE - SQUADRA

INSERT INTO public.calciatoresquadra ("CF", "IDSquadra") VALUES ('DUXFAP43A12W282 ', 1);
INSERT INTO public.calciatoresquadra ("CF", "IDSquadra") VALUES ('AITIVR67F68S490 ', 1);
INSERT INTO public.calciatoresquadra ("CF", "IDSquadra") VALUES ('VKSWFC33S05P331 ', 1);
INSERT INTO public.calciatoresquadra ("CF", "IDSquadra") VALUES ('BENPGK79Q69U241 ', 1);
INSERT INTO public.calciatoresquadra ("CF", "IDSquadra") VALUES ('HXXEUI96O51V248 ', 1);
INSERT INTO public.calciatoresquadra ("CF", "IDSquadra") VALUES ('SUBMWZ32J43Q635 ', 1);
INSERT INTO public.calciatoresquadra ("CF", "IDSquadra") VALUES ('YLBRTG35T74E400 ', 1);
INSERT INTO public.calciatoresquadra ("CF", "IDSquadra") VALUES ('JWQRQG18I57R935 ', 1);
INSERT INTO public.calciatoresquadra ("CF", "IDSquadra") VALUES ('STZDRE74Q91T856 ', 1);
INSERT INTO public.calciatoresquadra ("CF", "IDSquadra") VALUES ('ROHMTW32F08W758 ', 1);
INSERT INTO public.calciatoresquadra ("CF", "IDSquadra") VALUES ('PYLCZX72E12Z761 ', 1);
INSERT INTO public.calciatoresquadra ("CF", "IDSquadra") VALUES ('HREPMW11R07X240 ', 2);
INSERT INTO public.calciatoresquadra ("CF", "IDSquadra") VALUES ('RQXIED77F81V189 ', 2);
INSERT INTO public.calciatoresquadra ("CF", "IDSquadra") VALUES ('LKTZRX80N53A389 ', 2);
INSERT INTO public.calciatoresquadra ("CF", "IDSquadra") VALUES ('YTVQPX83I45T037 ', 2);
INSERT INTO public.calciatoresquadra ("CF", "IDSquadra") VALUES ('XQBICI01Z64W493 ', 2);
INSERT INTO public.calciatoresquadra ("CF", "IDSquadra") VALUES ('UBGJQM17Q08S873 ', 2);
INSERT INTO public.calciatoresquadra ("CF", "IDSquadra") VALUES ('MXZLPW33U75J543 ', 2);
INSERT INTO public.calciatoresquadra ("CF", "IDSquadra") VALUES ('IKRXVS60S90T182 ', 2);
INSERT INTO public.calciatoresquadra ("CF", "IDSquadra") VALUES ('FNTKUA89Q22T751 ', 2);
INSERT INTO public.calciatoresquadra ("CF", "IDSquadra") VALUES ('SIPANO63M32B365 ', 2);
INSERT INTO public.calciatoresquadra ("CF", "IDSquadra") VALUES ('WREULI37M74L974 ', 2);
INSERT INTO public.calciatoresquadra ("CF", "IDSquadra") VALUES ('HJDVCN00Q90W954 ', 3);
INSERT INTO public.calciatoresquadra ("CF", "IDSquadra") VALUES ('XYLOQC26X94M648 ', 3);
INSERT INTO public.calciatoresquadra ("CF", "IDSquadra") VALUES ('WJPTWW71K27Y224 ', 3);
INSERT INTO public.calciatoresquadra ("CF", "IDSquadra") VALUES ('MVRIXU05N24T854 ', 3);
INSERT INTO public.calciatoresquadra ("CF", "IDSquadra") VALUES ('SJGLOA41Z24C503 ', 3);
INSERT INTO public.calciatoresquadra ("CF", "IDSquadra") VALUES ('MAKEQB34K05W083 ', 3);
INSERT INTO public.calciatoresquadra ("CF", "IDSquadra") VALUES ('NICHSE28X16O864 ', 3);
INSERT INTO public.calciatoresquadra ("CF", "IDSquadra") VALUES ('IBAPPW83T90U629 ', 3);
INSERT INTO public.calciatoresquadra ("CF", "IDSquadra") VALUES ('FHHCAE44B40D807 ', 3);
INSERT INTO public.calciatoresquadra ("CF", "IDSquadra") VALUES ('NXQOBY49A84A392 ', 3);
INSERT INTO public.calciatoresquadra ("CF", "IDSquadra") VALUES ('FXYMNJ39N70F373 ', 3);
INSERT INTO public.calciatoresquadra ("CF", "IDSquadra") VALUES ('ZNLVKV73S57P828 ', 4);
INSERT INTO public.calciatoresquadra ("CF", "IDSquadra") VALUES ('OKLWMP18I74E342 ', 4);
INSERT INTO public.calciatoresquadra ("CF", "IDSquadra") VALUES ('TKMCFO43K32Q930 ', 4);
INSERT INTO public.calciatoresquadra ("CF", "IDSquadra") VALUES ('FITKZB85D39L409 ', 4);
INSERT INTO public.calciatoresquadra ("CF", "IDSquadra") VALUES ('UCJPNE43O86U635 ', 4);
INSERT INTO public.calciatoresquadra ("CF", "IDSquadra") VALUES ('RPNHSP46E99D598 ', 4);
INSERT INTO public.calciatoresquadra ("CF", "IDSquadra") VALUES ('VYIRET97U64S231 ', 4);
INSERT INTO public.calciatoresquadra ("CF", "IDSquadra") VALUES ('VCVWJP51K94S401 ', 4);
INSERT INTO public.calciatoresquadra ("CF", "IDSquadra") VALUES ('JTFDFD03M73L293 ', 4);
INSERT INTO public.calciatoresquadra ("CF", "IDSquadra") VALUES ('YAWJCB99B54K464 ', 4);
INSERT INTO public.calciatoresquadra ("CF", "IDSquadra") VALUES ('ZPGRFZ55I22B409 ', 4);
INSERT INTO public.calciatoresquadra ("CF", "IDSquadra") VALUES ('QIYVNH40P64C870 ', 5);
INSERT INTO public.calciatoresquadra ("CF", "IDSquadra") VALUES ('LWPRXT56R07L189 ', 5);
INSERT INTO public.calciatoresquadra ("CF", "IDSquadra") VALUES ('WRASWI52C57R386 ', 5);
INSERT INTO public.calciatoresquadra ("CF", "IDSquadra") VALUES ('YDHADJ34C48P271 ', 5);
INSERT INTO public.calciatoresquadra ("CF", "IDSquadra") VALUES ('FYYRJI86O00Y450 ', 5);
INSERT INTO public.calciatoresquadra ("CF", "IDSquadra") VALUES ('ZYBAHM02R69V873 ', 5);
INSERT INTO public.calciatoresquadra ("CF", "IDSquadra") VALUES ('DBLNXR38V71O461 ', 5);
INSERT INTO public.calciatoresquadra ("CF", "IDSquadra") VALUES ('LAXHII91R52A944 ', 5);
INSERT INTO public.calciatoresquadra ("CF", "IDSquadra") VALUES ('HPZYIS51K16Q987 ', 5);
INSERT INTO public.calciatoresquadra ("CF", "IDSquadra") VALUES ('MUEJRY30A72Z358 ', 5);
INSERT INTO public.calciatoresquadra ("CF", "IDSquadra") VALUES ('CBBJLB67O73U709 ', 5);
INSERT INTO public.calciatoresquadra ("CF", "IDSquadra") VALUES ('ZRNSJZ75C41E411 ', 6);
INSERT INTO public.calciatoresquadra ("CF", "IDSquadra") VALUES ('OJEVJY84P85A250 ', 6);
INSERT INTO public.calciatoresquadra ("CF", "IDSquadra") VALUES ('HSAFVV02C30R751 ', 6);
INSERT INTO public.calciatoresquadra ("CF", "IDSquadra") VALUES ('TRXLAV98O99T700 ', 6);
INSERT INTO public.calciatoresquadra ("CF", "IDSquadra") VALUES ('ZONCFH15J74B131 ', 6);
INSERT INTO public.calciatoresquadra ("CF", "IDSquadra") VALUES ('KNDMSF87L09K045 ', 6);
INSERT INTO public.calciatoresquadra ("CF", "IDSquadra") VALUES ('ZYOFHZ83P53Q515 ', 6);
INSERT INTO public.calciatoresquadra ("CF", "IDSquadra") VALUES ('NVXVMN66N78A862 ', 6);
INSERT INTO public.calciatoresquadra ("CF", "IDSquadra") VALUES ('NSIZHH45R61W150 ', 6);
INSERT INTO public.calciatoresquadra ("CF", "IDSquadra") VALUES ('AEGXWH54V20O400 ', 6);
INSERT INTO public.calciatoresquadra ("CF", "IDSquadra") VALUES ('MOVDHO02Q59B902 ', 6);
INSERT INTO public.calciatoresquadra ("CF", "IDSquadra") VALUES ('NAIBMY60K96A565 ', 7);
INSERT INTO public.calciatoresquadra ("CF", "IDSquadra") VALUES ('FWMIJH28Z91R126 ', 7);
INSERT INTO public.calciatoresquadra ("CF", "IDSquadra") VALUES ('GUNPST44Y58B056 ', 7);
INSERT INTO public.calciatoresquadra ("CF", "IDSquadra") VALUES ('KQHEZJ10X76O807 ', 7);
INSERT INTO public.calciatoresquadra ("CF", "IDSquadra") VALUES ('IRMHKK17E69P516 ', 7);
INSERT INTO public.calciatoresquadra ("CF", "IDSquadra") VALUES ('PCDFHE34H92D320 ', 7);
INSERT INTO public.calciatoresquadra ("CF", "IDSquadra") VALUES ('JNKDYR72N01K137 ', 7);
INSERT INTO public.calciatoresquadra ("CF", "IDSquadra") VALUES ('CPRNPQ18A66Z449 ', 7);
INSERT INTO public.calciatoresquadra ("CF", "IDSquadra") VALUES ('PWIGED60I85R590 ', 7);
INSERT INTO public.calciatoresquadra ("CF", "IDSquadra") VALUES ('FQFFPF29R45Z608 ', 7);
INSERT INTO public.calciatoresquadra ("CF", "IDSquadra") VALUES ('PTOZWJ54V85Z540 ', 7);
INSERT INTO public.calciatoresquadra ("CF", "IDSquadra") VALUES ('AMNKQG37S49F764 ', 8);
INSERT INTO public.calciatoresquadra ("CF", "IDSquadra") VALUES ('HTQDXL77I80G883 ', 8);
INSERT INTO public.calciatoresquadra ("CF", "IDSquadra") VALUES ('DRLTSU21O53R615 ', 8);
INSERT INTO public.calciatoresquadra ("CF", "IDSquadra") VALUES ('ZYECZF00Q31C333 ', 8);
INSERT INTO public.calciatoresquadra ("CF", "IDSquadra") VALUES ('EEXXRI47H24D847 ', 8);
INSERT INTO public.calciatoresquadra ("CF", "IDSquadra") VALUES ('WJZZPH99Y63H056 ', 8);
INSERT INTO public.calciatoresquadra ("CF", "IDSquadra") VALUES ('LYOTQO33H97X565 ', 8);
INSERT INTO public.calciatoresquadra ("CF", "IDSquadra") VALUES ('YXKKDH37A25M185 ', 8);
INSERT INTO public.calciatoresquadra ("CF", "IDSquadra") VALUES ('TZJCBZ41A01K635 ', 8);
INSERT INTO public.calciatoresquadra ("CF", "IDSquadra") VALUES ('QYXBAN44Z94J585 ', 8);
INSERT INTO public.calciatoresquadra ("CF", "IDSquadra") VALUES ('SWECYP04Z19L306 ', 8);


-- INSERT CAMPIONATO

INSERT INTO public.campionato ("ID", "Stagione") VALUES (1, '1999/2000');


-- INSERT PARTITE

INSERT INTO public.partita ("IDSquadra1", "IDSquadra2", "Data", "Stadio", "Vincitore", "Campionato", "Fase") VALUES (1, 4, '1999-01-22', 'Juventus Stadium', 1, 1, 'Quarti di Finale');
INSERT INTO public.partita ("IDSquadra1", "IDSquadra2", "Data", "Stadio", "Vincitore", "Campionato", "Fase") VALUES (2, 5, '1999-01-29', 'SanSiro Stadium', 2, 1, 'Quarti di Finale');
INSERT INTO public.partita ("IDSquadra1", "IDSquadra2", "Data", "Stadio", "Vincitore", "Campionato", "Fase") VALUES (3, 7, '1999-02-05', 'SanSiro Stadium', 3, 1, 'Quarti di Finale');
INSERT INTO public.partita ("IDSquadra1", "IDSquadra2", "Data", "Stadio", "Vincitore", "Campionato", "Fase") VALUES (6, 8, '1999-02-12', 'Bentegodi Stadium', 6, 1, 'Quarti di Finale');
INSERT INTO public.partita ("IDSquadra1", "IDSquadra2", "Data", "Stadio", "Vincitore", "Campionato", "Fase") VALUES (2, 3, '1999-02-18', 'SanSiro Stadium', 2, 1, 'Semifinale');
INSERT INTO public.partita ("IDSquadra1", "IDSquadra2", "Data", "Stadio", "Vincitore", "Campionato", "Fase") VALUES (1, 6, '1999-02-25', 'Juventus Stadium', 1, 1, 'Semifinale');
INSERT INTO public.partita ("IDSquadra1", "IDSquadra2", "Data", "Stadio", "Vincitore", "Campionato", "Fase") VALUES (1, 2, '1999-03-04', 'Juventus Stadium', 1, 1, 'Finale');

